label,zinc_id,group,docking_score,rank_in_group,is_top,scaffold_family,n_hbond,n_pi_cation,n_interactions,structural_parts,key_residues
A1,ZINC93351388,A,-7.503,1,True,benzimidazole|imidazole|pyridine|urea,4,1,7,benzimidazole|carbonyl|electrostatic|fluor|halogen|hydrogen bond|hydroxyl|imidazole|pi-cation|pyridine|urea,ALA190|GLU151|LYS266|TYR192
A2,ZINC89494959,A,-7.482,2,True,amide|cyclohexanol|imidazole|purine,4,2,8,amide|carbonyl|cyclohexanol|hydrogen bond|hydroxyl|imidazole|pi-cation|purine,ASP264|GLU151|GLU152|LYS266|TYR192
A3,ZINC93351387,A,-7.051,3,True,benzimidazole|imidazole|pyridine|urea,4,1,7,benzimidazole|carbonyl|electrostatic|fluor|halogen|hydrogen bond|hydroxyl|imidazole|pi-cation|pyridine|urea,ALA190|GLU151|LYS266|TYR192
A4,ZINC39253070,A,-7.016,4,True,amide|benzene|benzimidazole|imidazole,5,2,12,amide|benzene|benzimidazole|carbonyl|electrostatic|ether|hydrogen bond|hydroxyl|imidazole,ASN191|ASP150|GLU151|GLU152|PHE217|TYR192|TYR268
A5,ZINC63427065,A,-7.002,5,True,benzimidazole|imidazole,4,0,6,benzimidazole|hydrogen bond|imidazole,GLU151|GLU152|GLU219|TYR192
A6,ZINC63386584,A,-6.947,6,False,indole|purine,2,2,8,chloro|electrostatic|hydrogen bond|indole|pi-cation|purine,ASP264|GLU151|GLU152|LYS266|TYR192|TYR268
A7,ZINC93350932,A,-6.738,7,False,benzimidazole|imidazole|phenyl|urea,4,1,7,amine|benzimidazole|carbonyl|fluor|halogen|hydrogen bond|hydroxyl|imidazole|phenyl|pi-cation|urea,ALA190|GLU151|LYS266|TYR192
A8,ZINC63427064,A,-6.554,8,False,benzimidazole|imidazole,4,0,6,benzimidazole|hydrogen bond|imidazole,GLU152|GLU219|TYR192
A9,ZINC09477093,A,-6.529,9,False,amide|imidazole|purine,5,2,9,amide|chloro|hydrogen bond|imidazole|pi-cation|purine,ASP264|GLU151|GLU152|LYS266|TYR192
A10,ZINC63427063,A,-6.524,10,False,benzimidazole|imidazole,2,0,5,benzimidazole|electrostatic|hydrogen bond|imidazole,GLU151|GLU152|GLU219
B1,ZINC64683340,B,-7.239,1,True,amide|benzothiadiazole|indole|urea,6,1,9,amide|benzothiadiazole|carbonyl|hydrogen bond|indole|urea,ARG193|GLU151|GLU152|LYS266|THR265|TYR192
B2,ZINC64683508,B,-7.102,2,True,amide|indole|phenyl|urea,5,1,8,amide|carbonyl|fluor|halogen|hydrogen bond|indole|phenyl|urea,GLU151|LYS266|TYR192|TYR268
B3,ZINC64683689,B,-7.024,3,True,amide|indole|urea,5,1,8,amide|carbonyl|hydrogen bond|indole|urea,GLU151|LYS266|TYR192|TYR268
B4,ZINC64683419,B,-6.279,4,True,amide|indole|phenyl|urea,5,1,8,amide|carbonyl|hydrogen bond|indole|phenyl|urea,GLU151|LYS266|TYR268
B5,ZINC83014547,B,-6.145,5,True,amide|pyridine,3,0,7,amide|carbonyl|chloro|electrostatic|halogen|hydrogen bond|pyridine,ALA190|ARG193|GLU151|LYS266|TYR192
B6,ZINC19352272,B,-5.853,6,False,amide|pyridine,1,0,4,amide|electrostatic|ether|hydrogen bond|pyridine,GLU152|LYS154
B7,ZINC81998540,B,-5.718,7,False,amide|pyridine,3,0,7,amide|carbonyl|chloro|halogen|hydrogen bond|pyridine,ALA190|ASP150|GLU151|LYS266|TYR192
B8,ZINC64683482,B,-5.635,8,False,amide|indole|phenyl|urea,5,1,8,amide|carbonyl|hydrogen bond|indole|phenyl|urea,GLU151|GLU152|LYS266|TYR268
B9,ZINC81095757,B,-5.591,9,False,phenyl|pyridine,3,0,6,amine|hydrogen bond|phenyl|pyridine,GLU151|LYS266
B10,ZINC35397440,B,-5.521,10,False,amide|benzene|phenyl,2,0,7,amide|benzene|electrostatic|fluor|halogen|hydrogen bond|phenyl,ARG193|GLU152|LYS154|TYR192
C1,ZINC77273272,C,-6.972,1,True,aminoglycoside,6,0,9,amine|aminoglycoside|hydrogen bond|hydroxyl|sugar,ALA190|ASN191|GLU151|GLU152|LYS266|TYR192|TYR268
C2,ZINC77273286,C,-6.948,2,True,aminoglycoside|urea,2,0,7,aminoglycoside|carbonyl|hydrogen bond|sugar|urea,GLU151|GLU152|GLU219|PHE217|TYR192
C3,ZINC72399348,C,-6.757,3,True,amide|aminoglycoside|urea,5,0,9,amide|aminoglycoside|ether|hydrogen bond|hydroxyl|sugar|urea,ALA190|GLU151|GLU152|LYS266|TYR192
C4,ZINC77291612,C,-6.584,4,True,amide|aminoglycoside,4,0,9,amide|aminoglycoside|hydrogen bond|hydroxyl|sugar,ASN191|ASP150|GLU151|GLU152|GLU219|TYR192
C5,ZINC77291604,C,-6.551,5,True,amide|aminoglycoside,3,0,7,amide|aminoglycoside|carbonyl|hydrogen bond|hydroxyl|sugar,GLU152|GLU219|PHE217|TYR192
C6,ZINC77270907,C,-6.45,6,False,amide|aminoglycoside,4,0,8,amide|aminoglycoside|hydrogen bond|hydroxyl|sugar,ASP150|GLU151|GLU152|LYS266|TYR192
C7,ZINC72399347,C,-6.436,7,False,amide|aminoglycoside,6,0,9,amide|aminoglycoside|hydrogen bond|hydroxyl|sugar,ALA190|ASN191|ASP150|GLU151|GLU152|GLU219|TYR192
C8,ZINC92125137,C,-6.344,8,False,amide|phenyl|pyrimidine,4,1,7,amide|hydrogen bond|hydroxyl|phenyl|pi-cation|pyrimidine,ALA190|GLU151|GLU152|LYS266|TYR192
C9,ZINC77286907,C,-6.324,9,False,amide|aminoglycoside,3,0,8,amide|aminoglycoside|carbonyl|hydrogen bond|hydroxyl|sugar,ASN191|GLU151|GLU152|LYS154
C10,ZINC77291590,C,-6.259,10,False,amide|aminoglycoside|urea,4,0,8,amide|amine|aminoglycoside|carbonyl|hydrogen bond|hydroxyl|sugar|urea,ALA190|GLU151|GLU152|LYS266|TYR192
D1,ZINC15685828,D,-6.904,1,True,pyridine,4,0,7,carbonyl|hydrogen bond|pyridine,GLU151|GLU152|LYS266|TYR192|TYR268
D2,ZINC21079507,D,-6.542,2,True,benzimidazole|imidazole,2,3,8,benzimidazole|hydrogen bond|imidazole|pi-cation,GLU152|LYS154|LYS266|TYR192|TYR268
D3,ZINC04566919,D,-6.475,3,True,pyridine,3,0,6,carbonyl|hydrogen bond|pyridine,ARG193|GLU151|LYS266|TYR192
D4,ZINC20906616,D,-6.468,4,True,benzimidazole|imidazole|phenyl,5,1,9,benzimidazole|hydrogen bond|hydroxyl|imidazole|phenyl,ASP264|GLU151|GLU152|LYS154|TYR192
D5,ZINC49949931,D,-6.149,5,True,pyridine,2,0,5,carbonyl|electrostatic|hydrogen bond|pyridine,GLU152|LYS137|LYS154
D6,ZINC21078115,D,-5.997,6,False,benzimidazole|imidazole|phenyl,5,0,8,benzimidazole|hydrogen bond|hydroxyl|imidazole|phenyl,ASP264|GLU151|GLU152|LYS154|TYR192
D7,ZINC40658127,D,-5.99,7,False,hydrazine|phenyl|pyrimidine,2,3,9,hydrazine|hydrogen bond|phenyl|pi-cation|pyrimidine,GLU151|GLU152|LYS266|PHE217|TYR268
D8,ZINC57639051,D,-5.951,8,False,amide,3,2,8,amide|carbonyl|hydrogen bond|pi-cation,ASP264|GLU151|GLU152|LYS266|TYR192|TYR268
D9,ZINC38890642,D,-5.939,9,False,phenyl,2,0,6,electrostatic|hydrogen bond|phenyl,GLU151|GLU152|LYS154
D10,ZINC78193210,D,-5.871,10,False,amide|hydrazide|phenyl|pyridine,3,2,7,amide|carbonyl|electrostatic|ether|hydrazide|hydrogen bond|phenyl|pi-cation|pyridine,GLU151|LYS266|PHE217|TYR192
