scaffold_family,interaction_type,count,amino_acids
amide,H-bond,88,GLU151(23); TYR192(17); GLU152(15); LYS266(14); ALA190(6); ASN191(4); ASP264(3); ASP150(3); THR265(1); ARG193(1); TYR268(1)
amide,electrostatic,20,GLU151(8); LYS154(4); GLU152(3); GLU219(3); LYS266(2)
amide,pi-stacking,9,TYR268(5); TYR192(3); PHE217(1)
amide,pi-cation,6,LYS266(6)
amide,hydrophobic,3,PHE217(2); TYR268(1)
amide,halogen,2,ARG193(1); ASP150(1)
amide,chalcogen,1,GLU152(1)
amide,pi-anion,1,ASP150(1)
amide,salt bridge,1,ARG193(1)
aminoglycoside,H-bond,37,TYR192(9); GLU152(8); GLU151(5); ASN191(4); ALA190(4); LYS266(3); ASP150(3); TYR268(1)
aminoglycoside,electrostatic,17,GLU151(8); GLU219(4); GLU152(3); LYS266(1); LYS154(1)
aminoglycoside,hydrophobic,2,PHE217(2)
benzene,H-bond,7,TYR192(3); GLU152(2); ASN191(1); GLU151(1)
benzene,electrostatic,2,LYS154(2)
benzene,hydrophobic,2,TYR268(1); PHE217(1)
benzene,chalcogen,1,GLU152(1)
benzene,pi-anion,1,ASP150(1)
benzene,pi-stacking,1,TYR268(1)
benzene,salt bridge,1,ARG193(1)
benzimidazole,H-bond,39,GLU151(10); TYR192(10); GLU152(8); ALA190(3); GLU219(3); LYS266(2); ASP264(2); ASN191(1)
benzimidazole,electrostatic,4,LYS154(3); GLU151(1)
benzimidazole,pi-cation,4,LYS266(4)
benzimidazole,pi-stacking,4,TYR268(2); TYR192(2)
benzimidazole,hydrophobic,2,TYR268(1); PHE217(1)
benzimidazole,chalcogen,1,GLU152(1)
benzimidazole,pi-anion,1,ASP150(1)
benzothiadiazole,H-bond,6,GLU151(2); GLU152(1); THR265(1); LYS266(1); ARG193(1)
benzothiadiazole,pi-stacking,1,TYR192(1)
cyclohexanol,H-bond,4,ASP264(1); TYR192(1); GLU151(1); GLU152(1)
cyclohexanol,pi-cation,2,LYS266(2)
hydrazide,H-bond,3,LYS266(1); GLU151(1); TYR192(1)
hydrazide,pi-cation,1,LYS266(1)
hydrazide,pi-stacking,1,PHE217(1)
hydrazine,H-bond,2,GLU151(1); LYS266(1)
hydrazine,electrostatic,2,GLU151(1); GLU152(1)
hydrazine,pi-stacking,2,PHE217(1); TYR268(1)
hydrazine,pi-cation,1,LYS266(1)
imidazole,H-bond,48,GLU151(13); TYR192(11); GLU152(10); ASP264(4); ALA190(3); LYS266(3); GLU219(3); ASN191(1)
imidazole,pi-cation,7,LYS266(7)
imidazole,pi-stacking,5,TYR192(3); TYR268(2)
imidazole,electrostatic,4,LYS154(3); GLU151(1)
imidazole,hydrophobic,2,TYR268(1); PHE217(1)
imidazole,chalcogen,1,GLU152(1)
imidazole,pi-anion,1,ASP150(1)
indole,H-bond,28,GLU151(12); LYS266(9); GLU152(2); TYR192(2); ASP264(1); THR265(1); ARG193(1)
indole,pi-stacking,6,TYR268(4); TYR192(2)
indole,pi-cation,1,LYS266(1)
indole,polar,1,TYR268(1)
indole,salt bridge,1,GLU152(1)
phenyl,H-bond,45,GLU151(19); LYS266(9); TYR192(7); GLU152(6); ALA190(2); ASP264(2)
phenyl,electrostatic,9,LYS154(6); LYS266(1); GLU151(1); GLU152(1)
phenyl,pi-stacking,7,TYR268(4); PHE217(2); TYR192(1)
phenyl,pi-cation,4,LYS266(4)
phenyl,salt bridge,1,ARG193(1)
purine,H-bond,11,GLU151(4); ASP264(3); GLU152(2); TYR192(1); LYS266(1)
purine,pi-cation,4,LYS266(4)
purine,pi-stacking,2,TYR192(2)
purine,polar,1,TYR268(1)
purine,salt bridge,1,GLU152(1)
pyridine,H-bond,30,GLU151(9); TYR192(7); LYS266(5); ALA190(4); GLU152(2); TYR268(1); ARG193(1); LYS137(1)
pyridine,electrostatic,7,LYS266(4); LYS154(2); GLU152(1)
pyridine,pi-cation,3,LYS266(3)
pyridine,halogen,2,ARG193(1); ASP150(1)
pyridine,pi-stacking,1,PHE217(1)
pyrimidine,H-bond,6,GLU151(2); GLU152(1); ALA190(1); TYR192(1); LYS266(1)
pyrimidine,electrostatic,2,GLU151(1); GLU152(1)
pyrimidine,pi-cation,2,LYS266(2)
pyrimidine,pi-stacking,2,PHE217(1); TYR268(1)
urea,H-bond,49,GLU151(16); LYS266(13); TYR192(9); ALA190(5); GLU152(4); THR265(1); ARG193(1)
urea,electrostatic,6,GLU151(4); GLU152(1); GLU219(1)
urea,pi-stacking,5,TYR268(4); TYR192(1)
urea,pi-cation,3,LYS266(3)
urea,hydrophobic,1,PHE217(1)
