Stars,Title,docking score,glide emodel,glide gscore
,MvfR_unrelaxed_rank_001_alphafold2_ptm_model_5_seed_000 - prepared,,,
,ZINC93351388,-7.503,-66.398,-7.503
,ZINC89494959,-7.482,-59.863,-7.482
,ZINC93351387,-7.051,-57.995,-7.051
,ZINC39253070,-7.016,-98.292,-7.016
,ZINC63427065,-7.002,-71.215,-7.002
,ZINC63386584,-6.947,-61.668,-6.947
,ZINC63386584,-6.947,-61.668,-6.947
,ZINC93350932,-6.738,-57.138,-6.738
,ZINC63427064,-6.554,-65.631,-6.554
,ZINC63427064,-6.554,-65.631,-6.554
,ZINC09477093,-6.529,-56.708,-6.529
,ZINC63427063,-6.524,-63.83,-6.524
,ZINC63427066,-6.505,-68.992,-6.505
,ZINC39960846,-6.461,-67.651,-6.461
,ZINC39960846,-6.461,-67.651,-6.461
,ZINC39960846,-6.461,-67.651,-6.461
,ZINC39960847,-6.3,-64.791,-6.3
,ZINC39960847,-6.3,-64.791,-6.3
,ZINC39960847,-6.3,-64.791,-6.3
,ZINC39960847,-6.3,-64.791,-6.3
,ZINC39960847,-6.3,-64.791,-6.3
,ZINC39960847,-6.3,-64.791,-6.3
,ZINC93352280,-6.188,-62.642,-6.188
,ZINC93352280,-6.188,-62.642,-6.188
,ZINC39159641,-6.062,-64.13,-6.062
,ZINC94957539,-6.025,-41.982,-6.025
,ZINC21036708,-6.022,-68.552,-6.022
,ZINC21036708,-6.022,-68.552,-6.022
,ZINC63427000,-5.991,-60.593,-5.991
,ZINC12804605,-5.931,-52.833,-5.931
,ZINC09407950,-5.93,-65.333,-5.93
,ZINC09407950,-5.93,-65.333,-5.93
,ZINC09407950,-5.93,-65.333,-5.93
,ZINC63427001,-5.925,-61.227,-5.925
,ZINC92118867,-5.925,-53.404,-5.925
,ZINC93353187,-5.876,-55.283,-5.876
,ZINC93353187,-5.876,-55.283,-5.876
,ZINC78304419,-5.868,-37.738,-5.868
,ZINC09346554,-5.858,-69.066,-5.858
,ZINC09346554,-5.858,-69.066,-5.858
,ZINC09346554,-5.858,-69.066,-5.858
,ZINC73011732,-5.835,-58.29,-5.835
,ZINC91030727,-5.802,-48.007,-5.802
,ZINC21083943,-5.787,-56.736,-5.787
,ZINC05271196,-5.776,-64.719,-5.776
,ZINC05271196,-5.776,-64.719,-5.776
,ZINC89400135,-5.755,-46.415,-5.755
,ZINC09407951,-5.734,-65.484,-5.734
,ZINC09407951,-5.734,-65.484,-5.734
,ZINC09407951,-5.734,-65.484,-5.734
,ZINC93351260,-5.716,-48.752,-5.716
,ZINC91375925,-5.706,-48.992,-5.706
,ZINC91375925,-5.706,-48.992,-5.706
,ZINC91340997,-5.667,-52.011,-5.667
,ZINC91340997,-5.667,-52.011,-5.667
,ZINC21932084,-5.646,-57.738,-5.646
,ZINC21932084,-5.646,-57.738,-5.646
,ZINC21036530,-5.63,-62.597,-5.63
,ZINC21036530,-5.63,-62.597,-5.63
,ZINC69819288,-5.62,-56.77,-5.62
,ZINC69819288,-5.62,-56.77,-5.62
,ZINC63993460,-5.617,-49.412,-5.617
,ZINC63993460,-5.617,-49.412,-5.617
,ZINC63993460,-5.617,-49.412,-5.617
,ZINC93351951,-5.613,-50.847,-5.613
,ZINC09407958,-5.601,-65.035,-5.601
,ZINC09407958,-5.601,-65.035,-5.601
,ZINC09407958,-5.601,-65.035,-5.601
,ZINC82971044,-5.598,-48.451,-5.598
,ZINC89343977,-5.582,-51.749,-5.582
,ZINC91372316,-5.569,-54.506,-5.569
,ZINC17164705,-5.528,-47.163,-5.528
,ZINC17164705,-5.528,-47.163,-5.528
,ZINC17164705,-5.528,-47.163,-5.528
,ZINC17164705,-5.528,-47.163,-5.528
,ZINC63970224,-5.526,-52.717,-5.526
,ZINC91405055,-5.525,-55.129,-5.525
,ZINC91405055,-5.525,-55.129,-5.525
,ZINC91030729,-5.525,-41.279,-5.525
,ZINC91335943,-5.524,-63.489,-5.524
,ZINC91335943,-5.524,-63.489,-5.524
,ZINC04338232,-5.512,-60.752,-5.512
,ZINC04338232,-5.512,-60.752,-5.512
,ZINC04338232,-5.512,-60.752,-5.512
,ZINC89343976,-5.509,-51.225,-5.509
,ZINC89343976,-5.509,-51.225,-5.509
,ZINC91344441,-5.5,-55.905,-5.5
,ZINC91345600,-5.499,-49.828,-5.499
,ZINC72436581,-5.489,-50.896,-5.489
,ZINC91349621,-5.475,-52.461,-5.475
,ZINC91349621,-5.475,-52.461,-5.475
,ZINC92392453,-5.468,-52.564,-5.468
,ZINC13638918,-5.458,-53.608,-5.458
,ZINC13638918,-5.458,-53.608,-5.458
,ZINC13638918,-5.458,-53.608,-5.458
,ZINC91405357,-5.458,-54.467,-5.458
,ZINC91338143,-5.457,-51.948,-5.457
,ZINC12794219,-5.449,-51.143,-5.449
,ZINC91251472,-5.442,-54.592,-5.442
,ZINC91251472,-5.442,-54.592,-5.442
,ZINC80700166,-5.439,-37.924,-5.439
,ZINC80700166,-5.439,-37.924,-5.439
,ZINC91335846,-5.433,-58.572,-5.433
,ZINC95429313,-5.43,-48.868,-5.43
,ZINC21932079,-5.423,-56.054,-5.423
,ZINC21932079,-5.423,-56.054,-5.423
,ZINC63427003,-5.42,-61.672,-5.42
,ZINC91030726,-5.419,-46.585,-5.419
,ZINC21083947,-5.412,-59.943,-5.412
,ZINC87360557,-5.397,-39.05,-5.397
,ZINC39159642,-5.396,-64.324,-5.396
,ZINC12805047,-5.393,-52.478,-5.393
,ZINC91372218,-5.391,-54.296,-5.391
,ZINC91372218,-5.391,-54.296,-5.391
,ZINC91372218,-5.391,-54.296,-5.391
,ZINC91372218,-5.391,-54.296,-5.391
,ZINC72436582,-5.388,-47.666,-5.388
,ZINC91374995,-5.385,-55.18,-5.385
,ZINC91374995,-5.385,-55.18,-5.385
,ZINC21036684,-5.383,-53.68,-5.383
,ZINC21036684,-5.383,-53.68,-5.383
,ZINC78688619,-5.378,-39.326,-5.378
,ZINC91346472,-5.364,-54.444,-5.364
,ZINC81252369,-5.362,-50.561,-5.362
,ZINC91374702,-5.36,-46.35,-5.36
,ZINC91374701,-5.351,-49.251,-5.351
,ZINC77228910,-5.345,-39.519,-5.345
,ZINC93352241,-5.343,-50.024,-5.343
,ZINC59850066,-5.342,-53.771,-5.342
,ZINC59850066,-5.342,-53.771,-5.342
,ZINC19566537,-5.337,-63.255,-5.337
,ZINC19566537,-5.337,-63.255,-5.337
,ZINC91369246,-5.33,-55.864,-5.33
,ZINC93351596,-5.329,-48.137,-5.329
,ZINC19566543,-5.324,-65.541,-5.324
,ZINC19566543,-5.324,-65.541,-5.324
,ZINC91374615,-5.323,-54.222,-5.323
,ZINC72149728,-5.318,-49.376,-5.318
,ZINC72149728,-5.318,-49.376,-5.318
,ZINC93352075,-5.317,-55.214,-5.317
,ZINC72459041,-5.313,-50.617,-5.313
,ZINC19566533,-5.312,-63.183,-5.312
,ZINC19566533,-5.312,-63.183,-5.312
,ZINC72153140,-5.304,-54.306,-5.304
,ZINC02106090,-5.304,-38.022,-5.304
,ZINC75117052,-5.303,-48.02,-5.303
,ZINC91335947,-5.295,-64.281,-5.295
,ZINC91335947,-5.295,-64.281,-5.295
,ZINC35602327,-5.294,-47.817,-5.294
,ZINC89510494,-5.293,-57.068,-5.293
,ZINC89510494,-5.293,-57.068,-5.293
,ZINC69423161,-5.29,-53.642,-5.29
,ZINC91341001,-5.287,-50.413,-5.287
,ZINC91349619,-5.286,-52.744,-5.286
,ZINC63295361,-5.285,-59.852,-5.285
,ZINC91441312,-5.28,-47.704,-5.28
,ZINC91441312,-5.28,-47.704,-5.28
,ZINC91338283,-5.272,-50.778,-5.272
,ZINC91338283,-5.272,-50.778,-5.272
,ZINC91338283,-5.272,-50.778,-5.272
,ZINC91345993,-5.271,-49.513,-5.271
,ZINC91345993,-5.271,-49.513,-5.271
,ZINC91405058,-5.27,-53.678,-5.27
,ZINC91333770,-5.268,-52.206,-5.268
,ZINC91333770,-5.268,-52.206,-5.268
,ZINC91333770,-5.268,-52.206,-5.268
,ZINC91343941,-5.268,-48.489,-5.268
,ZINC95427632,-5.264,-47.737,-5.264
,ZINC91333853,-5.256,-55.065,-5.256
,ZINC63493929,-5.247,-51.752,-5.247
,ZINC63493929,-5.247,-51.752,-5.247
,ZINC89510494,-5.239,-56.319,-5.239
,ZINC89510494,-5.239,-56.319,-5.239
,ZINC63279801,-5.233,-49.996,-5.233
,ZINC91316206,-5.221,-55.956,-5.221
,ZINC82968354,-5.221,-49.128,-5.221
,ZINC91409109,-5.219,-49.772,-5.219
,ZINC91409109,-5.219,-49.772,-5.219
,ZINC91409109,-5.219,-49.772,-5.219
,ZINC91409109,-5.219,-49.772,-5.219
,ZINC91409109,-5.219,-49.772,-5.219
,ZINC72459041,-5.217,-49.833,-5.217
,ZINC81705016,-5.215,-53.565,-5.215
,ZINC91248677,-5.213,-46.647,-5.213
,ZINC91345814,-5.211,-50.218,-5.211
,ZINC72419924,-5.21,-56.279,-5.21
,ZINC91314164,-5.206,-53.735,-5.206
,ZINC91314164,-5.206,-53.735,-5.206
,ZINC91314164,-5.206,-53.735,-5.206
,ZINC91314164,-5.206,-53.735,-5.206
,ZINC15541799,-5.198,-50.001,-5.198
,ZINC72436581,-5.194,-50.491,-5.194
,ZINC93352203,-5.193,-53.17,-5.193
,ZINC77535520,-5.192,-47.64,-5.192
,ZINC19553238,-5.187,-58.289,-5.187
,ZINC19553238,-5.187,-58.289,-5.187
,ZINC19553238,-5.187,-58.289,-5.187
,ZINC19553238,-5.187,-58.289,-5.187
,ZINC91306576,-5.173,-53.001,-5.173
,ZINC91306576,-5.173,-53.001,-5.173
,ZINC91306576,-5.173,-53.001,-5.173
,ZINC91306576,-5.173,-53.001,-5.173
,ZINC89806569,-5.17,-49.197,-5.17
,ZINC92153225,-5.169,-42.165,-5.169
,ZINC91407191,-5.169,-56.022,-5.169
,ZINC91367281,-5.166,-54.052,-5.166
,ZINC89830154,-5.161,-54.901,-5.161
,ZINC89830154,-5.161,-54.901,-5.161
,ZINC89830154,-5.161,-54.901,-5.161
,ZINC93353020,-5.158,-48.825,-5.158
,ZINC91284195,-5.144,-59.058,-5.144
,ZINC91284195,-5.144,-59.058,-5.144
,ZINC91284195,-5.144,-59.058,-5.144
,ZINC91369244,-5.141,-53.37,-5.141
,ZINC20719204,-5.137,-51.093,-5.137
,ZINC91405356,-5.128,-55.836,-5.128
,ZINC91405356,-5.128,-55.836,-5.128
,ZINC91344539,-5.119,-51.587,-5.119
,ZINC91344539,-5.119,-51.587,-5.119
,ZINC91374994,-5.116,-51.918,-5.116
,ZINC91374994,-5.116,-51.918,-5.116
,ZINC91348674,-5.116,-45.813,-5.116
,ZINC93351403,-5.115,-47.345,-5.115
,ZINC93352892,-5.115,-44.206,-5.115
,ZINC91407888,-5.114,-50.806,-5.114
,ZINC64002763,-5.108,-43.162,-5.108
,ZINC64002763,-5.108,-43.162,-5.108
,ZINC64002763,-5.108,-43.162,-5.108
,ZINC91337157,-5.107,-52.635,-5.107
,ZINC91401542,-5.106,-55.757,-5.106
,ZINC91403910,-5.106,-56.178,-5.106
,ZINC63493915,-5.104,-53.164,-5.104
,ZINC63493915,-5.104,-53.164,-5.104
,ZINC91371862,-5.1,-46.592,-5.1
,ZINC91371862,-5.1,-46.592,-5.1
,ZINC84341080,-5.098,-44.119,-5.098
,ZINC84341080,-5.098,-44.119,-5.098
,ZINC21084195,-5.096,-62.459,-5.096
,ZINC05613346,-5.094,-48.548,-5.094
,ZINC93351920,-5.094,-42.996,-5.094
,ZINC91404989,-5.071,-46.915,-5.071
,ZINC91345065,-5.059,-49.249,-5.059
,ZINC91403498,-5.057,-53.221,-5.057
,ZINC91403498,-5.057,-53.221,-5.057
,ZINC39796057,-5.05,-50.993,-5.05
,ZINC93353186,-5.05,-48.722,-5.05
,ZINC81016494,-5.049,-60.939,-5.049
,ZINC91335851,-5.048,-52.691,-5.048
,ZINC78685749,-5.046,-44.903,-5.046
,ZINC78685749,-5.046,-44.903,-5.046
,ZINC91344696,-5.046,-48.541,-5.046
,ZINC91344696,-5.046,-48.541,-5.046
,ZINC91344696,-5.046,-48.541,-5.046
,ZINC09421371,-5.043,-47.012,-5.043
,ZINC72436582,-5.043,-46.767,-5.043
,ZINC17164709,-5.038,-46.362,-5.038
,ZINC91348090,-5.037,-49.339,-5.037
,ZINC63832144,-5.037,-52.577,-5.037
,ZINC63832144,-5.037,-52.577,-5.037
,ZINC91244516,-5.035,-46.075,-5.035
,ZINC91244516,-5.035,-46.075,-5.035
,ZINC84341083,-5.034,-44.92,-5.034
,ZINC91338287,-5.031,-49.048,-5.031
,ZINC21084199,-5.023,-65.906,-5.023
,ZINC91345254,-5.022,-47.319,-5.022
,ZINC91249039,-5.012,-49.785,-5.012
,ZINC66931542,-5.006,-46.301,-5.006
,ZINC91345066,-5.006,-48.185,-5.006
,ZINC75583967,-5.003,-48.103,-5.003
,ZINC91250340,-5.002,-49.751,-5.002
,ZINC91337797,-4.997,-48.001,-4.997
,ZINC91337797,-4.997,-48.001,-4.997
,ZINC63832131,-4.99,-54.195,-4.99
,ZINC63832131,-4.99,-54.195,-4.99
,ZINC63832131,-4.99,-54.195,-4.99
,ZINC89322655,-4.99,-57.682,-4.99
,ZINC89322655,-4.99,-57.682,-4.99
,ZINC63279801,-4.98,-50.54,-4.98
,ZINC91407887,-4.979,-50.785,-4.979
,ZINC87360558,-4.974,-37.42,-4.974
,ZINC91333769,-4.965,-51.221,-4.965
,ZINC91333769,-4.965,-51.221,-4.965
,ZINC19566540,-4.96,-60.557,-4.96
,ZINC93351952,-4.957,-48.71,-4.957
,ZINC93351952,-4.957,-48.71,-4.957
,ZINC91441306,-4.956,-43.699,-4.956
,ZINC91441306,-4.956,-43.699,-4.956
,ZINC91441306,-4.956,-43.699,-4.956
,ZINC91441306,-4.956,-43.699,-4.956
,ZINC94949034,-4.956,-52.356,-4.956
,ZINC93352236,-4.949,-52.193,-4.949
,ZINC93352236,-4.949,-52.193,-4.949
,ZINC09635045,-4.943,-54.465,-4.943
,ZINC95471985,-4.937,-46.673,-4.937
,ZINC93352208,-4.93,-46.816,-4.93
,ZINC93352208,-4.93,-46.816,-4.93
,ZINC93352066,-4.923,-50.001,-4.923
,ZINC93352066,-4.923,-50.001,-4.923
,ZINC74059150,-4.918,-44.324,-4.918
,ZINC74059150,-4.918,-44.324,-4.918
,ZINC95417769,-4.911,-42.35,-4.911
,ZINC05613351,-4.907,-49.698,-4.907
,ZINC91307085,-4.907,-52.061,-4.907
,ZINC63386584,-4.902,-53.114,-4.902
,ZINC63386584,-4.902,-53.114,-4.902
,ZINC35454583,-4.896,-50.486,-4.896
,ZINC89806786,-4.892,-50.854,-4.892
,ZINC01758455,-4.891,-38.555,-4.891
,ZINC95367318,-4.89,-48.557,-4.89
,ZINC91338031,-4.89,-50.549,-4.89
,ZINC91337468,-4.888,-48.253,-4.888
,ZINC93352711,-4.886,-45.489,-4.886
,ZINC93352711,-4.886,-45.489,-4.886
,ZINC91338029,-4.879,-50.569,-4.879
,ZINC91338029,-4.879,-50.569,-4.879
,ZINC04954881,-4.873,-45.481,-4.873
,ZINC04954881,-4.873,-45.481,-4.873
,ZINC91341452,-4.873,-56.46,-4.873
,ZINC91341452,-4.873,-56.46,-4.873
,ZINC91341452,-4.873,-56.46,-4.873
,ZINC91341452,-4.873,-56.46,-4.873
,ZINC74059148,-4.869,-44.046,-4.869
,ZINC91346861,-4.865,-47.23,-4.865
,ZINC91346861,-4.865,-47.23,-4.865
,ZINC91367275,-4.864,-49.074,-4.864
,ZINC91345813,-4.861,-49.63,-4.861
,ZINC91337152,-4.855,-48.866,-4.855
,ZINC91337152,-4.855,-48.866,-4.855
,ZINC91348087,-4.855,-46.563,-4.855
,ZINC12786908,-4.854,-50.447,-4.854
,ZINC77628948,-4.851,-45.087,-4.851
,ZINC91313063,-4.846,-46.989,-4.846
,ZINC91341608,-4.846,-51.623,-4.846
,ZINC91375881,-4.846,-46.849,-4.846
,ZINC91376093,-4.843,-49.591,-4.843
,ZINC89882191,-4.839,-47.666,-4.839
,ZINC35186937,-4.838,-40.876,-4.838
,ZINC91344538,-4.836,-50.568,-4.836
,ZINC89400135,-4.836,-43.191,-4.836
,ZINC91350041,-4.833,-52.414,-4.833
,ZINC91345714,-4.831,-42.575,-4.831
,ZINC91345714,-4.831,-42.575,-4.831
,ZINC89461401,-4.829,-41.786,-4.829
,ZINC39796058,-4.824,-54.356,-4.824
,ZINC72161165,-4.818,-55.999,-4.818
,ZINC20089589,-4.814,-48.31,-4.814
,ZINC61622368,-4.814,-47.764,-4.814
,ZINC91346967,-4.813,-52.161,-4.813
,ZINC91345602,-4.811,-48.04,-4.811
,ZINC75159571,-4.796,-42.579,-4.796
,ZINC91690909,-4.791,-44.346,-4.791
,ZINC91346355,-4.79,-49.745,-4.79
,ZINC95354328,-4.79,-52.215,-4.79
,ZINC91371583,-4.785,-46.858,-4.785
,ZINC91371583,-4.785,-46.858,-4.785
,ZINC93352035,-4.783,-44.069,-4.783
,ZINC93352035,-4.783,-44.069,-4.783
,ZINC91337792,-4.776,-46.757,-4.776
,ZINC91244517,-4.772,-43.995,-4.772
,ZINC91284194,-4.77,-52.964,-4.77
,ZINC91284194,-4.77,-52.964,-4.77
,ZINC89962159,-4.765,-47.89,-4.765
,ZINC82971041,-4.764,-42.403,-4.764
,ZINC91347217,-4.762,-44.925,-4.762
,ZINC91313069,-4.761,-50.361,-4.761
,ZINC94949035,-4.758,-47.561,-4.758
,ZINC63328748,-4.757,-51.498,-4.757
,ZINC93352067,-4.754,-43.85,-4.754
,ZINC93352067,-4.754,-43.85,-4.754
,ZINC93351917,-4.753,-45.631,-4.753
,ZINC91344698,-4.752,-50.106,-4.752
,ZINC63376407,-4.749,-49.745,-4.749
,ZINC91307084,-4.743,-52.176,-4.743
,ZINC91307084,-4.743,-52.176,-4.743
,ZINC91307084,-4.743,-52.176,-4.743
,ZINC91307084,-4.743,-52.176,-4.743
,ZINC91333942,-4.743,-52.907,-4.743
,ZINC91333942,-4.743,-52.907,-4.743
,ZINC91333942,-4.743,-52.907,-4.743
,ZINC91333942,-4.743,-52.907,-4.743
,ZINC91333942,-4.743,-52.907,-4.743
,ZINC91333942,-4.743,-52.907,-4.743
,ZINC91347219,-4.739,-45.439,-4.739
,ZINC91347219,-4.739,-45.439,-4.739
,ZINC93088194,-4.736,-43.084,-4.736
,ZINC93351749,-4.736,-50.191,-4.736
,ZINC91344699,-4.733,-48.92,-4.733
,ZINC91234414,-4.73,-46.762,-4.73
,ZINC91234414,-4.73,-46.762,-4.73
,ZINC91400259,-4.727,-46.173,-4.727
,ZINC91400259,-4.727,-46.173,-4.727
,ZINC91371584,-4.725,-45.942,-4.725
,ZINC91371584,-4.725,-45.942,-4.725
,ZINC91371584,-4.725,-45.942,-4.725
,ZINC91371584,-4.725,-45.942,-4.725
,ZINC21083939,-4.724,-56.312,-4.724
,ZINC63493929,-4.717,-50.51,-4.717
,ZINC63493929,-4.717,-50.51,-4.717
,ZINC91348089,-4.715,-44.8,-4.715
,ZINC91348089,-4.715,-44.8,-4.715
,ZINC94957540,-4.713,-42.328,-4.713
,ZINC91343940,-4.709,-42.589,-4.709
,ZINC91170899,-4.703,-48.962,-4.703
,ZINC93351644,-4.702,-42.539,-4.702
,ZINC93352032,-4.699,-44.162,-4.699
,ZINC93352032,-4.699,-44.162,-4.699
,ZINC93352032,-4.699,-44.162,-4.699
,ZINC93352032,-4.699,-44.162,-4.699
,ZINC09235830,-4.698,-58.079,-4.698
,ZINC92153226,-4.695,-42.661,-4.695
,ZINC91335902,-4.692,-44.97,-4.692
,ZINC91335902,-4.692,-44.97,-4.692
,ZINC91215877,-4.691,-48.453,-4.691
,ZINC91215877,-4.691,-48.453,-4.691
,ZINC91215877,-4.691,-48.453,-4.691
,ZINC91400257,-4.688,-49.075,-4.688
,ZINC91344793,-4.682,-43.836,-4.682
,ZINC75210877,-4.682,-39.944,-4.682
,ZINC91372028,-4.674,-49.236,-4.674
,ZINC91242695,-4.673,-52.129,-4.673
,ZINC93352209,-4.673,-49.337,-4.673
,ZINC91307170,-4.671,-51.584,-4.671
,ZINC91307170,-4.671,-51.584,-4.671
,ZINC91307170,-4.671,-51.584,-4.671
,ZINC91307170,-4.671,-51.584,-4.671
,ZINC91307170,-4.671,-51.584,-4.671
,ZINC91307170,-4.671,-51.584,-4.671
,ZINC91281812,-4.667,-38.236,-4.667
,ZINC91281812,-4.667,-38.236,-4.667
,ZINC78304417,-4.667,-37.242,-4.667
,ZINC69423167,-4.667,-49.384,-4.667
,ZINC69423167,-4.667,-49.384,-4.667
,ZINC93351597,-4.661,-42.529,-4.661
,ZINC00067135,-4.661,-46.961,-4.661
,ZINC89343975,-4.661,-46.63,-4.661
,ZINC89343975,-4.661,-46.63,-4.661
,ZINC72144381,-4.659,-53.628,-4.659
,ZINC91348084,-4.655,-43.799,-4.655
,ZINC91234415,-4.653,-44.938,-4.653
,ZINC91234415,-4.653,-44.938,-4.653
,ZINC91234415,-4.653,-44.938,-4.653
,ZINC91338141,-4.646,-49.098,-4.646
,ZINC93351261,-4.644,-44.861,-4.644
,ZINC93351261,-4.644,-44.861,-4.644
,ZINC93351261,-4.644,-44.861,-4.644
,ZINC19344094,-4.633,-47.236,-4.633
,ZINC19344094,-4.633,-47.236,-4.633
,ZINC95370394,-4.63,-53.22,-4.63
,ZINC91235904,-4.629,-46.75,-4.629
,ZINC91370497,-4.628,-50.834,-4.628
,ZINC91371585,-4.627,-48.51,-4.627
,ZINC91345067,-4.626,-46.172,-4.626
,ZINC91345067,-4.626,-46.172,-4.626
,ZINC93352956,-4.622,-44.215,-4.622
,ZINC73937520,-4.622,-45.55,-4.622
,ZINC73937520,-4.622,-45.55,-4.622
,ZINC91344794,-4.619,-42.378,-4.619
,ZINC91344794,-4.619,-42.378,-4.619
,ZINC91374614,-4.619,-49.39,-4.619
,ZINC91401492,-4.606,-53.261,-4.606
,ZINC77628944,-4.601,-46.999,-4.601
,ZINC91186987,-4.598,-43.943,-4.598
,ZINC91186987,-4.598,-43.943,-4.598
,ZINC35454571,-4.594,-48.152,-4.594
,ZINC91401545,-4.591,-50.099,-4.591
,ZINC01758455,-4.587,-34.28,-4.587
,ZINC91306580,-4.574,-51.671,-4.574
,ZINC91306580,-4.574,-51.671,-4.574
,ZINC91314166,-4.574,-51.545,-4.574
,ZINC91304516,-4.572,-39.925,-4.572
,ZINC91304516,-4.572,-39.925,-4.572
,ZINC91399201,-4.57,-48.347,-4.57
,ZINC72281232,-4.57,-43.815,-4.57
,ZINC39735407,-4.561,-40.132,-4.561
,ZINC39735407,-4.561,-40.132,-4.561
,ZINC91374585,-4.561,-39.406,-4.561
,ZINC91374585,-4.561,-39.406,-4.561
,ZINC39735405,-4.56,-37.34,-4.56
,ZINC39735405,-4.56,-37.34,-4.56
,ZINC89928925,-4.556,-51.38,-4.556
,ZINC05613351,-4.556,-47.342,-4.556
,ZINC93351639,-4.55,-48.841,-4.55
,ZINC95434318,-4.545,-44.34,-4.545
,ZINC89921046,-4.538,-43.456,-4.538
,ZINC79065181,-4.526,-42.683,-4.526
,ZINC91404991,-4.524,-46,-4.524
,ZINC91345252,-4.516,-46.407,-4.516
,ZINC89328292,-4.507,-52.424,-4.507
,ZINC91376092,-4.503,-47.17,-4.503
,ZINC72281231,-4.501,-43.878,-4.501
,ZINC91371861,-4.5,-47.486,-4.5
,ZINC16942442,-4.499,-46.116,-4.499
,ZINC89400137,-4.498,-42.856,-4.498
,ZINC89400137,-4.498,-42.856,-4.498
,ZINC95471985,-4.492,-41.214,-4.492
,ZINC09244709,-4.49,-60.881,-4.49
,ZINC93351404,-4.489,-46.26,-4.489
,ZINC39735398,-4.481,-34.947,-4.481
,ZINC39735398,-4.481,-34.947,-4.481
,ZINC39735398,-4.481,-34.947,-4.481
,ZINC91346862,-4.48,-43.181,-4.48
,ZINC91346862,-4.48,-43.181,-4.48
,ZINC91346862,-4.48,-43.181,-4.48
,ZINC91372070,-4.479,-46.993,-4.479
,ZINC78705910,-4.476,-41.977,-4.476
,ZINC93352880,-4.475,-44.249,-4.475
,ZINC91232646,-4.474,-45.041,-4.474
,ZINC91232646,-4.474,-45.041,-4.474
,ZINC91232646,-4.474,-45.041,-4.474
,ZINC91232646,-4.474,-45.041,-4.474
,ZINC89880023,-4.473,-39.137,-4.473
,ZINC89880023,-4.473,-39.137,-4.473
,ZINC00067674,-4.471,-43.778,-4.471
,ZINC00067674,-4.471,-43.778,-4.471
,ZINC00067674,-4.471,-43.778,-4.471
,ZINC91345599,-4.47,-44.555,-4.47
,ZINC91345599,-4.47,-44.555,-4.47
,ZINC95407003,-4.465,-41.409,-4.465
,ZINC95407003,-4.465,-41.409,-4.465
,ZINC95407003,-4.465,-41.409,-4.465
,ZINC91345068,-4.458,-43.823,-4.458
,ZINC91345068,-4.458,-43.823,-4.458
,ZINC91336799,-4.451,-47.072,-4.451
,ZINC39735396,-4.451,-41.124,-4.451
,ZINC73925086,-4.448,-44.798,-4.448
,ZINC91375927,-4.448,-44.393,-4.448
,ZINC91375927,-4.448,-44.393,-4.448
,ZINC88429914,-4.443,-42.209,-4.443
,ZINC77489022,-4.44,-52.011,-4.44
,ZINC78523588,-4.437,-39.846,-4.437
,ZINC40445247,-4.436,-38.55,-4.436
,ZINC91235903,-4.432,-44.554,-4.432
,ZINC91235903,-4.432,-44.554,-4.432
,ZINC63493915,-4.428,-47.186,-4.428
,ZINC63493915,-4.428,-47.186,-4.428
,ZINC89328296,-4.424,-51.388,-4.424
,ZINC93353068,-4.416,-47.97,-4.416
,ZINC93353068,-4.416,-47.97,-4.416
,ZINC89259367,-4.414,-47.267,-4.414
,ZINC81969003,-4.414,-38.754,-4.414
,ZINC39736358,-4.413,-42.403,-4.413
,ZINC39736358,-4.413,-42.403,-4.413
,ZINC39736358,-4.413,-42.403,-4.413
,ZINC89461403,-4.413,-37.077,-4.413
,ZINC94957539,-4.403,-36.02,-4.403
,ZINC91227314,-4.4,-45.35,-4.4
,ZINC91227314,-4.4,-45.35,-4.4
,ZINC91227314,-4.4,-45.35,-4.4
,ZINC93351361,-4.399,-50.902,-4.399
,ZINC93351361,-4.399,-50.902,-4.399
,ZINC91914695,-4.397,-50.571,-4.397
,ZINC91344970,-4.396,-37.564,-4.396
,ZINC91344970,-4.396,-37.564,-4.396
,ZINC78685748,-4.392,-42.845,-4.392
,ZINC93351091,-4.391,-36.141,-4.391
,ZINC93352278,-4.39,-51.345,-4.39
,ZINC93352278,-4.39,-51.345,-4.39
,ZINC93351244,-4.385,-45.995,-4.385
,ZINC05194995,-4.383,-44.286,-4.383
,ZINC02417608,-4.383,-51.084,-4.383
,ZINC02417608,-4.383,-51.084,-4.383
,ZINC02417608,-4.383,-51.084,-4.383
,ZINC89328294,-4.382,-51.647,-4.382
,ZINC66931543,-4.38,-38.773,-4.38
,ZINC07737692,-4.379,-51.436,-4.379
,ZINC78304421,-4.379,-34.544,-4.379
,ZINC21078672,-4.378,-52.644,-4.378
,ZINC87559883,-4.377,-44.601,-4.377
,ZINC87559883,-4.377,-44.601,-4.377
,ZINC94233291,-4.377,-38.719,-4.377
,ZINC87559883,-4.376,-47.779,-4.376
,ZINC87559883,-4.376,-47.779,-4.376
,ZINC16941359,-4.375,-46.597,-4.375
,ZINC16941359,-4.375,-46.597,-4.375
,ZINC16941359,-4.375,-46.597,-4.375
,ZINC50010226,-4.373,-46.949,-4.373
,ZINC91367907,-4.366,-47.64,-4.366
,ZINC91408572,-4.363,-42.654,-4.363
,ZINC91408572,-4.363,-42.654,-4.363
,ZINC91375882,-4.363,-40.467,-4.363
,ZINC91232634,-4.356,-44.687,-4.356
,ZINC91232634,-4.356,-44.687,-4.356
,ZINC91281668,-4.353,-42.532,-4.353
,ZINC02429109,-4.352,-48.764,-4.352
,ZINC72428161,-4.35,-46.606,-4.35
,ZINC65516351,-4.348,-45.348,-4.348
,ZINC75117052,-4.347,-45.755,-4.347
,ZINC91244605,-4.346,-44.144,-4.346
,ZINC00067135,-4.345,-47.537,-4.345
,ZINC80971322,-4.344,-41.204,-4.344
,ZINC00478615,-4.344,-52.18,-4.344
,ZINC00478615,-4.344,-52.18,-4.344
,ZINC91371899,-4.342,-47.167,-4.342
,ZINC93351051,-4.339,-45.719,-4.339
,ZINC92156893,-4.339,-37.731,-4.339
,ZINC92156893,-4.339,-37.731,-4.339
,ZINC02410613,-4.339,-48.857,-4.339
,ZINC91241355,-4.334,-45.552,-4.334
,ZINC89400137,-4.333,-42.124,-4.333
,ZINC89400137,-4.333,-42.124,-4.333
,ZINC91441316,-4.331,-44.387,-4.331
,ZINC91441316,-4.331,-44.387,-4.331
,ZINC91400734,-4.33,-40.491,-4.33
,ZINC79483572,-4.329,-37.988,-4.329
,ZINC94333883,-4.329,-39.178,-4.329
,ZINC35186936,-4.328,-36.069,-4.328
,ZINC93352564,-4.327,-43.126,-4.327
,ZINC93352564,-4.327,-43.126,-4.327
,ZINC03954031,-4.322,-46.472,-4.322
,ZINC03954031,-4.322,-46.472,-4.322
,ZINC91371900,-4.321,-47.257,-4.321
,ZINC91280143,-4.321,-45.032,-4.321
,ZINC92151509,-4.314,-38.733,-4.314
,ZINC93350956,-4.312,-42.58,-4.312
,ZINC39735400,-4.311,-39.772,-4.311
,ZINC39735400,-4.311,-39.772,-4.311
,ZINC39735400,-4.311,-39.772,-4.311
,ZINC38743887,-4.311,-40.451,-4.311
,ZINC38743887,-4.311,-40.451,-4.311
,ZINC38743887,-4.311,-40.451,-4.311
,ZINC38743887,-4.311,-40.451,-4.311
,ZINC75129725,-4.308,-40.004,-4.308
,ZINC91255211,-4.303,-44.851,-4.303
,ZINC91339655,-4.301,-34.82,-4.301
,ZINC92153227,-4.3,-44.505,-4.3
,ZINC78345651,-4.3,-40.801,-4.3
,ZINC78345651,-4.3,-40.801,-4.3
,ZINC91198660,-4.3,-39.323,-4.3
,ZINC17164705,-4.297,-42.76,-4.297
,ZINC17164705,-4.297,-42.76,-4.297
,ZINC17164705,-4.297,-42.76,-4.297
,ZINC17164705,-4.297,-42.76,-4.297
,ZINC91343363,-4.297,-42.087,-4.297
,ZINC91343363,-4.297,-42.087,-4.297
,ZINC22261765,-4.293,-51.341,-4.293
,ZINC91239125,-4.293,-45.367,-4.293
,ZINC91239125,-4.293,-45.367,-4.293
,ZINC91170896,-4.292,-49.39,-4.292
,ZINC91170896,-4.292,-49.39,-4.292
,ZINC91170896,-4.292,-49.39,-4.292
,ZINC91170896,-4.292,-49.39,-4.292
,ZINC63281836,-4.292,-51.147,-4.292
,ZINC10623531,-4.292,-46.79,-4.292
,ZINC10623531,-4.292,-46.79,-4.292
,ZINC10623531,-4.292,-46.79,-4.292
,ZINC10623531,-4.292,-46.79,-4.292
,ZINC10623531,-4.292,-46.79,-4.292
,ZINC00478616,-4.291,-43.727,-4.291
,ZINC57156274,-4.29,-42.738,-4.29
,ZINC57156274,-4.29,-42.738,-4.29
,ZINC57156274,-4.29,-42.738,-4.29
,ZINC57156274,-4.29,-42.738,-4.29
,ZINC17164703,-4.29,-40.899,-4.29
,ZINC17164703,-4.29,-40.899,-4.29
,ZINC17164703,-4.29,-40.899,-4.29
,ZINC91347613,-4.285,-38.449,-4.285
,ZINC91347613,-4.285,-38.449,-4.285
,ZINC67847047,-4.285,-41.744,-4.285
,ZINC89322653,-4.284,-48.349,-4.284
,ZINC89322653,-4.284,-48.349,-4.284
,ZINC91349421,-4.284,-41.579,-4.284
,ZINC91245018,-4.279,-41.958,-4.279
,ZINC89259367,-4.276,-41.771,-4.276
,ZINC04510621,-4.275,-44.066,-4.275
,ZINC04510621,-4.275,-44.066,-4.275
,ZINC93352403,-4.275,-43.752,-4.275
,ZINC93352403,-4.275,-43.752,-4.275
,ZINC91347614,-4.273,-39.331,-4.273
,ZINC91347614,-4.273,-39.331,-4.273
,ZINC38735554,-4.269,-41.565,-4.269
,ZINC95417766,-4.269,-46.416,-4.269
,ZINC93350955,-4.267,-38.683,-4.267
,ZINC25694460,-4.26,-54.052,-4.26
,ZINC09421371,-4.259,-41.256,-4.259
,ZINC91237682,-4.248,-44.082,-4.248
,ZINC91237682,-4.248,-44.082,-4.248
,ZINC91237682,-4.248,-44.082,-4.248
,ZINC91225437,-4.247,-45.024,-4.247
,ZINC91225437,-4.247,-45.024,-4.247
,ZINC89328290,-4.246,-50.895,-4.246
,ZINC89328290,-4.246,-50.895,-4.246
,ZINC91187862,-4.245,-47.17,-4.245
,ZINC91377629,-4.243,-41.758,-4.243
,ZINC91377629,-4.243,-41.758,-4.243
,ZINC91404197,-4.24,-37.848,-4.24
,ZINC91232649,-4.235,-43.965,-4.235
,ZINC91232649,-4.235,-43.965,-4.235
,ZINC16942442,-4.23,-43.047,-4.23
,ZINC81093846,-4.224,-48.019,-4.224
,ZINC80971315,-4.224,-40.471,-4.224
,ZINC93352668,-4.222,-46.813,-4.222
,ZINC91402438,-4.218,-41.464,-4.218
,ZINC91402438,-4.218,-41.464,-4.218
,ZINC92153453,-4.214,-42.013,-4.214
,ZINC91347823,-4.214,-37.695,-4.214
,ZINC91347823,-4.214,-37.695,-4.214
,ZINC93353180,-4.213,-44.121,-4.213
,ZINC39760624,-4.211,-48.519,-4.211
,ZINC13555003,-4.211,-43.034,-4.211
,ZINC78339532,-4.207,-36.141,-4.207
,ZINC91216012,-4.206,-46.464,-4.206
,ZINC91216012,-4.206,-46.464,-4.206
,ZINC91216012,-4.206,-46.464,-4.206
,ZINC93352756,-4.203,-39.901,-4.203
,ZINC91343391,-4.203,-47.3,-4.203
,ZINC19553243,-4.201,-53.331,-4.201
,ZINC87559884,-4.201,-38.824,-4.201
,ZINC87559884,-4.201,-38.824,-4.201
,ZINC87559884,-4.201,-38.824,-4.201
,ZINC91234416,-4.198,-42.593,-4.198
,ZINC91234416,-4.198,-42.593,-4.198
,ZINC06590633,-4.198,-49.778,-4.198
,ZINC91225301,-4.197,-44.924,-4.197
,ZINC91225301,-4.197,-44.924,-4.197
,ZINC77228907,-4.196,-38.077,-4.196
,ZINC93352926,-4.192,-37.323,-4.192
,ZINC91375842,-4.186,-42.958,-4.186
,ZINC09235830,-4.185,-54.205,-4.185
,ZINC67967050,-4.183,-40.385,-4.183
,ZINC91402435,-4.181,-42.836,-4.181
,ZINC89258042,-4.18,-44.062,-4.18
,ZINC78673087,-4.179,-39.784,-4.179
,ZINC77647382,-4.175,-43.798,-4.175
,ZINC93350797,-4.172,-34.032,-4.172
,ZINC91225500,-4.172,-46.424,-4.172
,ZINC94957540,-4.171,-38.078,-4.171
,ZINC93352526,-4.163,-36.631,-4.163
,ZINC75122706,-4.159,-45.921,-4.159
,ZINC39736355,-4.158,-40.639,-4.158
,ZINC39736355,-4.158,-40.639,-4.158
,ZINC39736355,-4.158,-40.639,-4.158
,ZINC91232655,-4.155,-39.829,-4.155
,ZINC91236535,-4.154,-45.566,-4.154
,ZINC91236535,-4.154,-45.566,-4.154
,ZINC91236535,-4.154,-45.566,-4.154
,ZINC78339532,-4.153,-34.13,-4.153
,ZINC91241354,-4.153,-45.567,-4.153
,ZINC09159438,-4.151,-46.343,-4.151
,ZINC09159438,-4.151,-46.343,-4.151
,ZINC09159438,-4.151,-46.343,-4.151
,ZINC09159438,-4.151,-46.343,-4.151
,ZINC75210877,-4.147,-37.669,-4.147
,ZINC91224443,-4.143,-45.771,-4.143
,ZINC39591034,-4.14,-41.867,-4.14
,ZINC39591034,-4.14,-41.867,-4.14
,ZINC93350877,-4.134,-46.819,-4.134
,ZINC91225434,-4.134,-46.445,-4.134
,ZINC91225434,-4.134,-46.445,-4.134
,ZINC91409115,-4.133,-42.871,-4.133
,ZINC39735403,-4.132,-38.732,-4.132
,ZINC39735403,-4.132,-38.732,-4.132
,ZINC39735403,-4.132,-38.732,-4.132
,ZINC91170898,-4.131,-46.324,-4.131
,ZINC91170898,-4.131,-46.324,-4.131
,ZINC93350908,-4.116,-44.13,-4.116
,ZINC90850239,-4.11,-44.548,-4.11
,ZINC32124019,-4.107,-35.171,-4.107
,ZINC32124019,-4.107,-35.171,-4.107
,ZINC16941359,-4.107,-45.095,-4.107
,ZINC16941359,-4.107,-45.095,-4.107
,ZINC16941359,-4.107,-45.095,-4.107
,ZINC91232648,-4.106,-44.643,-4.106
,ZINC91232648,-4.106,-44.643,-4.106
,ZINC91232648,-4.106,-44.643,-4.106
,ZINC91232648,-4.106,-44.643,-4.106
,ZINC91375910,-4.105,-44.723,-4.105
,ZINC91346254,-4.105,-38.364,-4.105
,ZINC91346254,-4.105,-38.364,-4.105
,ZINC91371966,-4.103,-45.96,-4.103
,ZINC91281811,-4.101,-40.004,-4.101
,ZINC52802512,-4.101,-44.007,-4.101
,ZINC91225501,-4.099,-45.05,-4.099
,ZINC91225501,-4.099,-45.05,-4.099
,ZINC91225501,-4.099,-45.05,-4.099
,ZINC78304421,-4.095,-33.158,-4.095
,ZINC75129728,-4.094,-42.211,-4.094
,ZINC75129728,-4.094,-42.211,-4.094
,ZINC87559884,-4.093,-39.567,-4.093
,ZINC87559884,-4.093,-39.567,-4.093
,ZINC87559884,-4.093,-39.567,-4.093
,ZINC89328299,-4.092,-48.647,-4.092
,ZINC93352670,-4.086,-42.617,-4.086
,ZINC93352981,-4.086,-35.212,-4.086
,ZINC72419924,-4.086,-49.742,-4.086
,ZINC03984126,-4.085,-49.361,-4.085
,ZINC73925084,-4.081,-44.994,-4.081
,ZINC77407988,-4.08,-42.536,-4.08
,ZINC39591183,-4.079,-44.738,-4.079
,ZINC39591183,-4.079,-44.738,-4.079
,ZINC85431283,-4.075,-43.207,-4.075
,ZINC85431283,-4.075,-43.207,-4.075
,ZINC92153324,-4.064,-40.719,-4.064
,ZINC39736356,-4.061,-42.156,-4.061
,ZINC39736356,-4.061,-42.156,-4.061
,ZINC39736356,-4.061,-42.156,-4.061
,ZINC39736356,-4.061,-42.156,-4.061
,ZINC89343978,-4.06,-43.741,-4.06
,ZINC39735394,-4.057,-35.786,-4.057
,ZINC05477934,-4.052,-42.877,-4.052
,ZINC67847422,-4.052,-45.468,-4.052
,ZINC92156894,-4.046,-39.1,-4.046
,ZINC50664145,-4.044,-42.518,-4.044
,ZINC93353027,-4.039,-41.9,-4.039
,ZINC93351131,-4.037,-38.147,-4.037
,ZINC93351919,-4.035,-40.891,-4.035
,ZINC95434317,-4.034,-47.757,-4.034
,ZINC95434317,-4.034,-47.757,-4.034
,ZINC91342718,-4.034,-40.558,-4.034
,ZINC87360557,-4.032,-38.148,-4.032
,ZINC02417610,-4.03,-44.479,-4.03
,ZINC02417610,-4.03,-44.479,-4.03
,ZINC66282224,-4.03,-42.672,-4.03
,ZINC66282224,-4.03,-42.672,-4.03
,ZINC77386697,-4.022,-54.366,-4.022
,ZINC91216011,-4.018,-46.565,-4.018
,ZINC91216011,-4.018,-46.565,-4.018
,ZINC94232032,-4.011,-37.29,-4.011
,ZINC91030728,-4.001,-40.945,-4.001
,ZINC93352669,-4,-42.521,-4
,ZINC91225436,-3.993,-41.641,-3.993
,ZINC91225436,-3.993,-41.641,-3.993
,ZINC39591186,-3.99,-43.523,-3.99
,ZINC39591186,-3.99,-43.523,-3.99
,ZINC39591186,-3.99,-43.523,-3.99
,ZINC02259592,-3.986,-44.41,-3.986
,ZINC91399006,-3.984,-39.665,-3.984
,ZINC91399006,-3.984,-39.665,-3.984
,ZINC91232635,-3.984,-45.644,-3.984
,ZINC93351748,-3.98,-40.348,-3.98
,ZINC93351748,-3.98,-40.348,-3.98
,ZINC77647384,-3.979,-41.543,-3.979
,ZINC04439794,-3.978,-39.378,-3.978
,ZINC78673084,-3.976,-37.746,-3.976
,ZINC91321899,-3.971,-49.051,-3.971
,ZINC91321899,-3.971,-49.051,-3.971
,ZINC60580186,-3.969,-42.015,-3.969
,ZINC92153456,-3.968,-37.648,-3.968
,ZINC92153456,-3.968,-37.648,-3.968
,ZINC92153456,-3.968,-37.648,-3.968
,ZINC00548048,-3.968,-42.573,-3.968
,ZINC00548048,-3.968,-42.573,-3.968
,ZINC00548048,-3.968,-42.573,-3.968
,ZINC20877793,-3.962,-48.622,-3.962
,ZINC93351635,-3.96,-39.24,-3.96
,ZINC91407528,-3.957,-38.829,-3.957
,ZINC04492895,-3.951,-38.583,-3.951
,ZINC39736357,-3.951,-39.203,-3.951
,ZINC39736357,-3.951,-39.203,-3.951
,ZINC39736357,-3.951,-39.203,-3.951
,ZINC39736357,-3.951,-39.203,-3.951
,ZINC93353194,-3.951,-43.215,-3.951
,ZINC91250507,-3.951,-44.776,-3.951
,ZINC09346528,-3.949,-45.778,-3.949
,ZINC09346528,-3.949,-45.778,-3.949
,ZINC05477933,-3.945,-41.912,-3.945
,ZINC14266617,-3.945,-51.357,-3.945
,ZINC67847422,-3.94,-42.561,-3.94
,ZINC78304417,-3.939,-35.63,-3.939
,ZINC89310796,-3.937,-44.046,-3.937
,ZINC89310796,-3.937,-44.046,-3.937
,ZINC91986187,-3.935,-41.1,-3.935
,ZINC17164703,-3.934,-37.161,-3.934
,ZINC17164703,-3.934,-37.161,-3.934
,ZINC17164703,-3.934,-37.161,-3.934
,ZINC00546898,-3.927,-41.104,-3.927
,ZINC00546898,-3.927,-41.104,-3.927
,ZINC00546898,-3.927,-41.104,-3.927
,ZINC67563066,-3.926,-39.922,-3.926
,ZINC67563066,-3.926,-39.922,-3.926
,ZINC89882161,-3.924,-39.861,-3.924
,ZINC89882161,-3.924,-39.861,-3.924
,ZINC09477093,-3.923,-39.986,-3.923
,ZINC05331265,-3.921,-37.659,-3.921
,ZINC72158870,-3.919,-38.369,-3.919
,ZINC92078504,-3.918,-39.159,-3.918
,ZINC40445245,-3.914,-37.465,-3.914
,ZINC93352955,-3.909,-35.782,-3.909
,ZINC93352269,-3.903,-44.55,-3.903
,ZINC87360558,-3.903,-37.864,-3.903
,ZINC91346968,-3.902,-38.732,-3.902
,ZINC91186980,-3.898,-33.849,-3.898
,ZINC89764443,-3.893,-37.131,-3.893
,ZINC89965492,-3.887,-49.683,-3.887
,ZINC91244430,-3.885,-45.407,-3.885
,ZINC91244430,-3.885,-45.407,-3.885
,ZINC48316308,-3.884,-42.289,-3.884
,ZINC93353176,-3.881,-39.545,-3.881
,ZINC91341226,-3.869,-35.088,-3.869
,ZINC93352562,-3.866,-40.846,-3.866
,ZINC93352562,-3.866,-40.846,-3.866
,ZINC92151510,-3.866,-38.39,-3.866
,ZINC92151510,-3.866,-38.39,-3.866
,ZINC93352028,-3.856,-41.934,-3.856
,ZINC93351402,-3.856,-31.811,-3.856
,ZINC93351402,-3.856,-31.811,-3.856
,ZINC91337587,-3.855,-38.301,-3.855
,ZINC91337587,-3.855,-38.301,-3.855
,ZINC94333883,-3.855,-38.166,-3.855
,ZINC91749605,-3.855,-35.452,-3.855
,ZINC72158950,-3.851,-39.925,-3.851
,ZINC03635311,-3.848,-48.045,-3.848
,ZINC82968352,-3.847,-40.258,-3.847
,ZINC37842147,-3.844,-36.618,-3.844
,ZINC37842147,-3.844,-36.618,-3.844
,ZINC72397717,-3.843,-42.192,-3.843
,ZINC72397717,-3.843,-42.192,-3.843
,ZINC94948233,-3.84,-44.108,-3.84
,ZINC91234417,-3.837,-38.791,-3.837
,ZINC91234417,-3.837,-38.791,-3.837
,ZINC91407316,-3.836,-36.749,-3.836
,ZINC92522260,-3.834,-43.032,-3.834
,ZINC72622098,-3.82,-42.233,-3.82
,ZINC72622098,-3.82,-42.233,-3.82
,ZINC78490974,-3.82,-40.637,-3.82
,ZINC78490974,-3.82,-40.637,-3.82
,ZINC93351300,-3.818,-37.067,-3.818
,ZINC01876213,-3.814,-44.052,-3.814
,ZINC58281860,-3.814,-49.192,-3.814
,ZINC67434444,-3.811,-40.776,-3.811
,ZINC67434444,-3.811,-40.776,-3.811
,ZINC91347060,-3.8,-36.112,-3.8
,ZINC91347060,-3.8,-36.112,-3.8
,ZINC91347060,-3.8,-36.112,-3.8
,ZINC75118081,-3.796,-33.655,-3.796
,ZINC92748214,-3.794,-38.318,-3.794
,ZINC91346616,-3.793,-36.381,-3.793
,ZINC91346616,-3.793,-36.381,-3.793
,ZINC78673087,-3.793,-34.855,-3.793
,ZINC93353025,-3.787,-37.314,-3.787
,ZINC93353025,-3.787,-37.314,-3.787
,ZINC93353025,-3.787,-37.314,-3.787
,ZINC66321742,-3.783,-43.163,-3.783
,ZINC02106090,-3.78,-35.567,-3.78
,ZINC93353293,-3.775,-38.177,-3.775
,ZINC39591037,-3.772,-40.032,-3.772
,ZINC39591037,-3.772,-40.032,-3.772
,ZINC39591037,-3.772,-40.032,-3.772
,ZINC75209732,-3.769,-34.577,-3.769
,ZINC77228910,-3.766,-34.514,-3.766
,ZINC91232650,-3.755,-42.827,-3.755
,ZINC91232650,-3.755,-42.827,-3.755
,ZINC95407006,-3.754,-38.267,-3.754
,ZINC95407006,-3.754,-38.267,-3.754
,ZINC80700166,-3.752,-30.86,-3.752
,ZINC80700166,-3.752,-30.86,-3.752
,ZINC22261765,-3.747,-44.036,-3.747
,ZINC93351390,-3.741,-40.962,-3.741
,ZINC92153325,-3.738,-38.462,-3.738
,ZINC92153325,-3.738,-38.462,-3.738
,ZINC05613346,-3.737,-40.923,-3.737
,ZINC67674408,-3.734,-44.18,-3.734
,ZINC67674408,-3.734,-44.18,-3.734
,ZINC09159439,-3.733,-43.449,-3.733
,ZINC09159439,-3.733,-43.449,-3.733
,ZINC02421524,-3.719,-47.163,-3.719
,ZINC02421524,-3.719,-47.163,-3.719
,ZINC04492895,-3.716,-32.985,-3.716
,ZINC67675580,-3.712,-44.399,-3.712
,ZINC67675580,-3.712,-44.399,-3.712
,ZINC67675580,-3.712,-44.399,-3.712
,ZINC74825986,-3.709,-38.859,-3.709
,ZINC67871372,-3.706,-43.645,-3.706
,ZINC67871372,-3.706,-43.645,-3.706
,ZINC67871372,-3.706,-43.645,-3.706
,ZINC78688619,-3.705,-30.535,-3.705
,ZINC92522260,-3.705,-36.362,-3.705
,ZINC80971315,-3.687,-34.541,-3.687
,ZINC93352417,-3.684,-41.672,-3.684
,ZINC02240041,-3.67,-45.033,-3.67
,ZINC93352463,-3.67,-41.141,-3.67
,ZINC67674408,-3.662,-44.405,-3.662
,ZINC34781275,-3.653,-36.275,-3.653
,ZINC34781275,-3.653,-36.275,-3.653
,ZINC91706433,-3.645,-39.198,-3.645
,ZINC77228907,-3.645,-32.76,-3.645
,ZINC78345645,-3.641,-39.767,-3.641
,ZINC93351389,-3.637,-37.131,-3.637
,ZINC93351389,-3.637,-37.131,-3.637
,ZINC02417609,-3.633,-42.014,-3.633
,ZINC02417609,-3.633,-42.014,-3.633
,ZINC02417609,-3.633,-42.014,-3.633
,ZINC19404765,-3.63,-38.196,-3.63
,ZINC91336718,-3.625,-38.429,-3.625
,ZINC91336718,-3.625,-38.429,-3.625
,ZINC78523588,-3.622,-33.34,-3.622
,ZINC94233291,-3.615,-32.939,-3.615
,ZINC78304419,-3.612,-36.478,-3.612
,ZINC91563388,-3.61,-38.161,-3.61
,ZINC92746759,-3.606,-39.257,-3.606
,ZINC93352012,-3.606,-39.04,-3.606
,ZINC92438549,-3.604,-39.944,-3.604
,ZINC92438549,-3.604,-39.944,-3.604
,ZINC93352936,-3.602,-36.886,-3.602
,ZINC91237011,-3.601,-43.538,-3.601
,ZINC91237011,-3.601,-43.538,-3.601
,ZINC91237011,-3.601,-43.538,-3.601
,ZINC91237011,-3.601,-43.538,-3.601
,ZINC82135860,-3.598,-38.784,-3.598
,ZINC80971322,-3.594,-35.081,-3.594
,ZINC89372280,-3.578,-42.837,-3.578
,ZINC93353033,-3.567,-36.958,-3.567
,ZINC63970220,-3.56,-38.743,-3.56
,ZINC67714731,-3.553,-39.167,-3.553
,ZINC67714731,-3.553,-39.167,-3.553
,ZINC58281860,-3.544,-44.401,-3.544
,ZINC58281860,-3.544,-44.401,-3.544
,ZINC91376696,-3.543,-35.069,-3.543
,ZINC93352982,-3.54,-37.33,-3.54
,ZINC11566514,-3.533,-32.678,-3.533
,ZINC72428161,-3.524,-41.415,-3.524
,ZINC73937516,-3.524,-42.305,-3.524
,ZINC93352839,-3.524,-37.664,-3.524
,ZINC93350925,-3.522,-42.648,-3.522
,ZINC93350925,-3.522,-42.648,-3.522
,ZINC91244604,-3.516,-35.941,-3.516
,ZINC93351378,-3.498,-39.817,-3.498
,ZINC93351378,-3.498,-39.817,-3.498
,ZINC02369434,-3.497,-48.144,-3.497
,ZINC81252368,-3.495,-37.457,-3.495
,ZINC91281728,-3.493,-38.463,-3.493
,ZINC91281728,-3.493,-38.463,-3.493
,ZINC72162465,-3.474,-45.719,-3.474
,ZINC72162465,-3.474,-45.719,-3.474
,ZINC72162465,-3.474,-45.719,-3.474
,ZINC02433709,-3.474,-41.18,-3.474
,ZINC63970233,-3.469,-41.845,-3.469
,ZINC39735402,-3.461,-35.494,-3.461
,ZINC39735402,-3.461,-35.494,-3.461
,ZINC39735402,-3.461,-35.494,-3.461
,ZINC91749606,-3.46,-32.576,-3.46
,ZINC17164709,-3.453,-35.788,-3.453
,ZINC92151511,-3.447,-37.88,-3.447
,ZINC65394682,-3.435,-39.485,-3.435
,ZINC91237963,-3.432,-42.136,-3.432
,ZINC95378684,-3.428,-38.643,-3.428
,ZINC93353024,-3.425,-35.39,-3.425
,ZINC89310797,-3.423,-45.12,-3.423
,ZINC89310797,-3.423,-45.12,-3.423
,ZINC89371302,-3.407,-37.203,-3.407
,ZINC91304669,-3.404,-35.499,-3.404
,ZINC91225435,-3.387,-42.347,-3.387
,ZINC91225435,-3.387,-42.347,-3.387
,ZINC93351135,-3.384,-43.054,-3.384
,ZINC11635273,-3.382,-38.577,-3.382
,ZINC93352610,-3.376,-35.722,-3.376
,ZINC75229487,-3.372,-43.331,-3.372
,ZINC93352248,-3.368,-34.771,-3.368
,ZINC89598369,-3.364,-40.897,-3.364
,ZINC93352933,-3.351,-37.719,-3.351
,ZINC91373073,-3.337,-35.577,-3.337
,ZINC91373073,-3.337,-35.577,-3.337
,ZINC93351302,-3.33,-36.064,-3.33
,ZINC02302148,-3.33,-41.603,-3.33
,ZINC93351993,-3.322,-35.429,-3.322
,ZINC93351993,-3.322,-35.429,-3.322
,ZINC91349672,-3.289,-44.892,-3.289
,ZINC89869473,-3.278,-42.609,-3.278
,ZINC89869473,-3.278,-42.609,-3.278
,ZINC77407988,-3.26,-37.175,-3.26
,ZINC91349673,-3.231,-43.867,-3.231
,ZINC66321731,-3.23,-40.202,-3.23
,ZINC65409817,-3.229,-37.02,-3.229
,ZINC78673084,-3.218,-36.109,-3.218
,ZINC91232656,-3.186,-39.896,-3.186
,ZINC09407970,-3.15,-45.599,-3.15
,ZINC09407970,-3.15,-45.599,-3.15
,ZINC12900845,-3.137,-37.171,-3.137
,ZINC91342846,-3.12,-35.21,-3.12
,ZINC91342846,-3.12,-35.21,-3.12
,ZINC93352647,-3.081,-37.87,-3.081
,ZINC93352095,-3.077,-36.12,-3.077
,ZINC11566513,-3.037,-35.268,-3.037
,ZINC39789805,-3.001,-36.544,-3.001
,ZINC12124436,-2.992,-36.067,-2.992
,ZINC12296727,-2.99,-37.882,-2.99
,ZINC38743884,-2.974,-38.046,-2.974
,ZINC38743884,-2.974,-38.046,-2.974
,ZINC38743884,-2.974,-38.046,-2.974
,ZINC38743884,-2.974,-38.046,-2.974
,ZINC77238079,-2.946,-37.21,-2.946
,ZINC95375308,-2.905,-34.573,-2.905
,ZINC81969003,-2.873,-28.998,-2.873
,ZINC91341397,-2.696,-33.115,-2.696
,ZINC92962794,-2.622,-40.392,-2.622
,ZINC93352563,-2.35,-36.219,-2.35
,ZINC92492239,-2.293,-34.057,-2.293
,ZINC92492239,-2.293,-34.057,-2.293
,ZINC77238079,-2.159,-35.07,-2.159
,ZINC65623238,-2.114,-30.991,-2.114
,ZINC12296727,-1.85,-37.884,-1.85
,ZINC67890452,-1.838,-36.166,-1.838
,ZINC67890452,-1.838,-36.166,-1.838
,ZINC67890452,-1.838,-36.166,-1.838
,ZINC67890452,-1.838,-36.166,-1.838
,ZINC11277044,-1.615,-30.794,-1.615