Stars,Title,PUBCHEM_PHARMACOPHORE_FEATURES,docking score,glide emodel,glide gscore,Formula
,MvfR_unrelaxed_rank_001_alphafold2_ptm_model_5_seed_000 - prepared,,,,,
,ZINC77273272,,-6.972,-115.33,-8.452,
,ZINC77273272,,-6.972,-115.33,-8.452,
,ZINC77273272,,-6.972,-115.33,-8.452,
,ZINC77273272,,-6.972,-115.33,-8.452,
,ZINC77273272,,-6.972,-115.33,-8.452,
,ZINC77273272,,-6.972,-115.33,-8.452,
,ZINC77273272,,-6.972,-115.33,-8.452,
C1,ZINC77273272,,-6.972,-115.33,-8.452,
C2,ZINC77273286,,-6.948,-107.595,-7.205,
,ZINC77273286,,-6.948,-107.595,-7.205,
C3,ZINC72399348,,-6.757,-101.898,-6.846,
,ZINC72399348,,-6.757,-101.898,-6.846,
,ZINC72399348,,-6.757,-101.898,-6.846,
,ZINC72399348,,-6.757,-101.898,-6.846,
C4,ZINC77291612,,-6.584,-98.983,-6.673,
C5,ZINC77291604,,-6.551,-120.852,-6.64,
,ZINC77291604,,-6.551,-120.852,-6.64,
C6,ZINC77270907,,-6.45,-105.202,-6.839,
,ZINC77270907,,-6.45,-105.202,-6.839,
,ZINC77270907,,-6.45,-105.202,-6.839,
,ZINC77270907,,-6.45,-105.202,-6.839,
,ZINC77270907,,-6.45,-105.202,-6.839,
,ZINC77270907,,-6.45,-105.202,-6.839,
C7,ZINC72399347,,-6.436,-87.62,-6.525,
,ZINC72399347,,-6.436,-87.62,-6.525,
C8,ZINC92125137,,-6.344,-51.229,-6.539,
,ZINC92125137,,-6.344,-51.229,-6.539,
,ZINC77286907,,-6.324,-70.966,-6.509,
C9,ZINC77291590,,-6.259,-103.625,-6.331,
,ZINC77291590,,-6.259,-103.625,-6.331,
,ZINC77291590,,-6.259,-103.625,-6.331,
,ZINC77291590,,-6.259,-103.625,-6.331,
,ZINC77291590,,-6.259,-103.625,-6.331,
,ZINC77291590,,-6.259,-103.625,-6.331,
,ZINC77291590,,-6.259,-103.625,-6.331,
C10,ZINC77270907,,-6.24,-98.485,-6.904,
,ZINC77270907,,-6.24,-98.485,-6.904,
,ZINC77270907,,-6.24,-98.485,-6.904,
,ZINC77270907,,-6.24,-98.485,-6.904,
,ZINC77270907,,-6.24,-98.485,-6.904,
,ZINC77270907,,-6.24,-98.485,-6.904,
,ZINC77273277,,-6.234,-86.131,-6.491,
,ZINC77270903,,-6.218,-91.106,-6.607,
,ZINC77270903,,-6.218,-91.106,-6.607,
,ZINC77291600,,-6.071,-101.029,-6.089,
,ZINC77291600,,-6.071,-101.029,-6.089,
,ZINC92120270,,-5.924,-59.582,-6.567,
,ZINC92120270,,-5.924,-59.582,-6.567,
,ZINC72400629,,-5.916,-94.104,-6.226,
,ZINC72400629,,-5.916,-94.104,-6.226,
,ZINC72400629,,-5.916,-94.104,-6.226,
,ZINC72400629,,-5.916,-94.104,-6.226,
,ZINC72400629,,-5.916,-94.104,-6.226,
,ZINC77273272,,-5.89,-100.5,-6.147,
,ZINC77273272,,-5.89,-100.5,-6.147,
,ZINC77273272,,-5.89,-100.5,-6.147,
,ZINC77273272,,-5.89,-100.5,-6.147,
,ZINC77273272,,-5.89,-100.5,-6.147,
,ZINC77273272,,-5.89,-100.5,-6.147,
,ZINC77273272,,-5.89,-100.5,-6.147,
,ZINC77273272,,-5.89,-100.5,-6.147,
,ZINC59146664,,-5.855,-52.876,-6.066,
,ZINC38139393,,-5.843,-76.457,-6.048,
,ZINC92120584,,-5.838,-59.707,-6.045,
,ZINC77270880,,-5.747,-96.336,-5.836,
,ZINC77270880,,-5.747,-96.336,-5.836,
,ZINC77270880,,-5.747,-96.336,-5.836,
,ZINC92108068,,-5.741,-50.874,-5.889,
,ZINC77319963,,-5.733,-94.794,-5.906,
,ZINC77319963,,-5.733,-94.794,-5.906,
,ZINC77319963,,-5.733,-94.794,-5.906,
,ZINC77319966,,-5.707,-79.975,-5.88,
,ZINC77319966,,-5.707,-79.975,-5.88,
,ZINC92126674,,-5.682,-54.868,-5.83,
,ZINC92126674,,-5.682,-54.868,-5.83,
,ZINC77270885,,-5.679,-85.528,-5.768,
,ZINC77270885,,-5.679,-85.528,-5.768,
,ZINC77291611,,-5.637,-97.224,-5.726,
,ZINC77291611,,-5.637,-97.224,-5.726,
,ZINC77291611,,-5.637,-97.224,-5.726,
,ZINC77291611,,-5.637,-97.224,-5.726,
,ZINC77291611,,-5.637,-97.224,-5.726,
,ZINC77291611,,-5.637,-97.224,-5.726,
,ZINC77291611,,-5.637,-97.224,-5.726,
,ZINC77291611,,-5.637,-97.224,-5.726,
,ZINC77291611,,-5.637,-97.224,-5.726,
,ZINC77291611,,-5.637,-97.224,-5.726,
,ZINC77273286,,-5.622,-77.438,-7.102,
,ZINC77273286,,-5.622,-77.438,-7.102,
,ZINC92121575,,-5.609,-60.917,-5.795,
,ZINC77273277,,-5.571,-106.885,-7.051,
,ZINC92124356,,-5.528,-63.611,-6.046,
,ZINC92120916,,-5.524,-52.034,-5.791,
,ZINC92120916,,-5.524,-52.034,-5.791,
,ZINC77286909,,-5.488,-58.396,-5.672,
,ZINC77286909,,-5.488,-58.396,-5.672,
,ZINC92126310,,-5.478,-55.062,-5.626,
,ZINC72400631,,-5.475,-82.249,-5.786,
,ZINC72400631,,-5.475,-82.249,-5.786,
,ZINC72400631,,-5.475,-82.249,-5.786,
,ZINC72400631,,-5.475,-82.249,-5.786,
,ZINC72332893,,-5.474,-95.422,-6.129,
,ZINC72332893,,-5.474,-95.422,-6.129,
,ZINC72332893,,-5.474,-95.422,-6.129,
,ZINC92125273,,-5.441,-49.436,-5.63,
,ZINC92125273,,-5.441,-49.436,-5.63,
,ZINC92124478,,-5.436,-60.728,-5.607,
,ZINC77291611,,-5.426,-91.326,-6.722,
,ZINC77291611,,-5.426,-91.326,-6.722,
,ZINC77291611,,-5.426,-91.326,-6.722,
,ZINC77291611,,-5.426,-91.326,-6.722,
,ZINC77291611,,-5.426,-91.326,-6.722,
,ZINC77291611,,-5.426,-91.326,-6.722,
,ZINC77291611,,-5.426,-91.326,-6.722,
,ZINC77291611,,-5.426,-91.326,-6.722,
,ZINC77291611,,-5.426,-91.326,-6.722,
,ZINC77291611,,-5.426,-91.326,-6.722,
,ZINC92124798,,-5.416,-60.506,-5.605,
,ZINC92124798,,-5.416,-60.506,-5.605,
,ZINC92123756,,-5.396,-55.826,-5.542,
,ZINC72332893,,-5.343,-89.483,-6.093,
,ZINC72332893,,-5.343,-89.483,-6.093,
,ZINC72332893,,-5.343,-89.483,-6.093,
,ZINC00402630,,-5.34,-45.536,-5.352,
,ZINC92120688,,-5.306,-58.467,-5.491,
,ZINC92120688,,-5.306,-58.467,-5.491,
,ZINC83251324,,-5.306,-42.129,-5.307,
,ZINC77270907,,-5.289,-83.47,-7.157,
,ZINC77270907,,-5.289,-83.47,-7.157,
,ZINC77270907,,-5.289,-83.47,-7.157,
,ZINC77270907,,-5.289,-83.47,-7.157,
,ZINC77270907,,-5.289,-83.47,-7.157,
,ZINC77270907,,-5.289,-83.47,-7.157,
,ZINC92123022,,-5.257,-52.565,-5.444,
,ZINC92107889,,-5.232,-51.866,-5.495,
,ZINC92120077,,-5.232,-53.967,-5.368,
,ZINC92120077,,-5.232,-53.967,-5.368,
,ZINC92120077,,-5.232,-53.967,-5.368,
,ZINC72400628,,-5.221,-80.274,-5.532,
,ZINC81349600,,-5.202,-58.15,-5.596,
,ZINC67840711,,-5.201,-54.347,-5.386,
,ZINC92123374,,-5.189,-51.287,-5.377,
,ZINC92122013,,-5.181,-55.404,-5.39,
,ZINC92120912,,-5.18,-45.758,-5.355,
,ZINC72400629,,-5.172,-84.42,-6.659,
,ZINC72400629,,-5.172,-84.42,-6.659,
,ZINC72400629,,-5.172,-84.42,-6.659,
,ZINC72400629,,-5.172,-84.42,-6.659,
,ZINC72400629,,-5.172,-84.42,-6.659,
,ZINC73856368,,-5.17,-51.287,-5.565,
,ZINC92123126,,-5.17,-54.591,-5.306,
,ZINC92123126,,-5.17,-54.591,-5.306,
,ZINC92117604,,-5.165,-55.946,-5.319,
,ZINC92117604,,-5.165,-55.946,-5.319,
,ZINC92107584,,-5.16,-51.07,-5.299,
,ZINC92107584,,-5.16,-51.07,-5.299,
,ZINC72332894,,-5.155,-67.226,-5.809,
,ZINC72332894,,-5.155,-67.226,-5.809,
,ZINC72400629,,-5.124,-81.269,-6.421,
,ZINC72400629,,-5.124,-81.269,-6.421,
,ZINC72400629,,-5.124,-81.269,-6.421,
,ZINC72400629,,-5.124,-81.269,-6.421,
,ZINC72400629,,-5.124,-81.269,-6.421,
,ZINC77270903,,-5.116,-76.419,-5.78,
,ZINC77270903,,-5.116,-76.419,-5.78,
,ZINC92124108,,-5.111,-46.094,-5.286,
,ZINC14760999,,-5.104,-49.462,-5.587,
,ZINC92124529,,-5.086,-43.96,-5.224,
,ZINC92124529,,-5.086,-43.96,-5.224,
,ZINC77270907,,-5.077,-103.561,-6.672,
,ZINC77270907,,-5.077,-103.561,-6.672,
,ZINC77270907,,-5.077,-103.561,-6.672,
,ZINC77270907,,-5.077,-103.561,-6.672,
,ZINC77270907,,-5.077,-103.561,-6.672,
,ZINC77270907,,-5.077,-103.561,-6.672,
,ZINC77291590,,-5.073,-100.859,-6.357,
,ZINC77291590,,-5.073,-100.859,-6.357,
,ZINC77291590,,-5.073,-100.859,-6.357,
,ZINC77291590,,-5.073,-100.859,-6.357,
,ZINC77291590,,-5.073,-100.859,-6.357,
,ZINC77291590,,-5.073,-100.859,-6.357,
,ZINC77291590,,-5.073,-100.859,-6.357,
,ZINC92123835,,-5.071,-47.854,-5.249,
,ZINC92127155,,-5.071,-46.541,-5.242,
,ZINC77291612,,-5.052,-101.286,-6.348,
,ZINC92122101,,-5.051,-45.057,-5.236,
,ZINC92122101,,-5.051,-45.057,-5.236,
,ZINC92107891,,-5.039,-50.851,-5.303,
,ZINC92106416,,-5.034,-34.305,-5.179,
,ZINC00998212,,-5.034,-45.328,-5.035,
,ZINC92126936,,-5.012,-50.201,-5.16,
,ZINC92107857,,-5.01,-50.484,-5.204,
,ZINC92107891,,-5.007,-50.011,-5.27,
,ZINC92120270,,-5.001,-57.818,-5.672,
,ZINC92120270,,-5.001,-57.818,-5.672,
,ZINC77312540,,-5,-80.075,-5.512,
,ZINC92121005,,-4.99,-45.885,-5.18,
,ZINC67589040,,-4.988,-52.291,-5.546,
,ZINC77319963,,-4.969,-94.026,-6.331,
,ZINC77319963,,-4.969,-94.026,-6.331,
,ZINC77319963,,-4.969,-94.026,-6.331,
,ZINC77270885,,-4.968,-86.182,-6.265,
,ZINC77270885,,-4.968,-86.182,-6.265,
,ZINC92123188,,-4.958,-45.022,-5.1,
,ZINC89675936,,-4.957,-51.727,-5.378,
,ZINC92119582,,-4.952,-49.099,-5.1,
,ZINC77273272,,-4.951,-78.579,-6.385,
,ZINC77273272,,-4.951,-78.579,-6.385,
,ZINC77273272,,-4.951,-78.579,-6.385,
,ZINC77273272,,-4.951,-78.579,-6.385,
,ZINC77273272,,-4.951,-78.579,-6.385,
,ZINC77273272,,-4.951,-78.579,-6.385,
,ZINC77273272,,-4.951,-78.579,-6.385,
,ZINC77273272,,-4.951,-78.579,-6.385,
,ZINC92102573,,-4.945,-45.975,-5.085,
,ZINC38139392,,-4.944,-69.429,-5.149,
,ZINC92125137,,-4.939,-44.762,-5.815,
,ZINC92125137,,-4.939,-44.762,-5.815,
,ZINC92121708,,-4.929,-47.946,-5.076,
,ZINC92123698,,-4.922,-50.794,-5.065,
,ZINC92123698,,-4.922,-50.794,-5.065,
,ZINC92125494,,-4.92,-51.815,-5.105,
,ZINC92125494,,-4.92,-51.815,-5.105,
,ZINC92125494,,-4.92,-51.815,-5.105,
,ZINC77273286,,-4.909,-95.434,-6.403,
,ZINC77273286,,-4.909,-95.434,-6.403,
,ZINC94798658,,-4.907,-50.228,-5.21,
,ZINC92103513,,-4.9,-47.721,-5.038,
,ZINC92107577,,-4.882,-51.992,-5.018,
,ZINC92103246,,-4.881,-45.456,-5.034,
,ZINC92121421,,-4.873,-48.685,-5.021,
,ZINC77273286,,-4.873,-87.483,-6.381,
,ZINC77273286,,-4.873,-87.483,-6.381,
,ZINC92107889,,-4.866,-51.064,-5.129,
,ZINC92120459,,-4.859,-51.286,-5.255,
,ZINC92120459,,-4.859,-51.286,-5.255,
,ZINC92122404,,-4.859,-46.495,-5.044,
,ZINC92122404,,-4.859,-46.495,-5.044,
,ZINC92123780,,-4.847,-55.065,-5.033,
,ZINC77273277,,-4.843,-88.355,-6.277,
,ZINC92125313,,-4.842,-51.088,-5.031,
,ZINC92124467,,-4.83,-50.466,-5.036,
,ZINC92124467,,-4.83,-50.466,-5.036,
,ZINC72400631,,-4.824,-87.913,-6.392,
,ZINC72400631,,-4.824,-87.913,-6.392,
,ZINC72400631,,-4.824,-87.913,-6.392,
,ZINC72400631,,-4.824,-87.913,-6.392,
,ZINC92126540,,-4.819,-55.284,-4.959,
,ZINC72399348,,-4.818,-86.07,-6.114,
,ZINC72399348,,-4.818,-86.07,-6.114,
,ZINC72399348,,-4.818,-86.07,-6.114,
,ZINC72399348,,-4.818,-86.07,-6.114,
,ZINC92122303,,-4.791,-48.484,-5.047,
,ZINC92122303,,-4.791,-48.484,-5.047,
,ZINC77273277,,-4.781,-79.723,-6.276,
,ZINC77291604,,-4.775,-86.571,-6.071,
,ZINC77291604,,-4.775,-86.571,-6.071,
,ZINC72332894,,-4.772,-67.403,-5.858,
,ZINC72332894,,-4.772,-67.403,-5.858,
,ZINC67724648,,-4.772,-51.123,-4.917,
,ZINC67724648,,-4.772,-51.123,-4.917,
,ZINC72400629,,-4.768,-87.909,-6.307,
,ZINC72400629,,-4.768,-87.909,-6.307,
,ZINC72400629,,-4.768,-87.909,-6.307,
,ZINC72400629,,-4.768,-87.909,-6.307,
,ZINC72400629,,-4.768,-87.909,-6.307,
,ZINC92106217,,-4.762,-49.813,-4.922,
,ZINC92106217,,-4.762,-49.813,-4.922,
,ZINC92106217,,-4.762,-49.813,-4.922,
,ZINC72399347,,-4.757,-79.101,-6.053,
,ZINC72399347,,-4.757,-79.101,-6.053,
,ZINC92123610,,-4.756,-48.114,-4.892,
,ZINC92123610,,-4.756,-48.114,-4.892,
,ZINC92121611,,-4.754,-47.36,-4.99,
,ZINC92121611,,-4.754,-47.36,-4.99,
,ZINC92122822,,-4.751,-44.088,-4.891,
,ZINC81453724,,-4.751,-50.663,-5.145,
,ZINC83251327,,-4.75,-44.994,-4.75,
,ZINC92107594,,-4.743,-39.945,-4.872,
,ZINC92124665,,-4.742,-49.872,-4.882,
,ZINC92124665,,-4.742,-49.872,-4.882,
,ZINC92122084,,-4.737,-46.148,-4.883,
,ZINC83251291,,-4.731,-36.537,-4.731,
,ZINC92106354,,-4.724,-54.827,-4.895,
,ZINC92125811,,-4.71,-46.421,-4.898,
,ZINC92123725,,-4.706,-42.633,-4.823,
,ZINC92121284,,-4.698,-43.567,-4.858,
,ZINC92121613,,-4.694,-48.745,-4.931,
,ZINC77312540,,-4.685,-82.826,-5.579,
,ZINC92122824,,-4.684,-45.752,-4.831,
,ZINC92122824,,-4.684,-45.752,-4.831,
,ZINC77286907,,-4.683,-65.573,-6.231,
,ZINC72332893,,-4.681,-76.612,-5.767,
,ZINC72332893,,-4.681,-76.612,-5.767,
,ZINC72332893,,-4.681,-76.612,-5.767,
,ZINC92121176,,-4.681,-39.29,-4.806,
,ZINC92121176,,-4.681,-39.29,-4.806,
,ZINC92126212,,-4.676,-48.949,-5.41,
,ZINC92124109,,-4.673,-39.948,-4.848,
,ZINC92107579,,-4.66,-47.738,-4.796,
,ZINC72400631,,-4.646,-78.778,-6.185,
,ZINC72400631,,-4.646,-78.778,-6.185,
,ZINC72400631,,-4.646,-78.778,-6.185,
,ZINC72400631,,-4.646,-78.778,-6.185,
,ZINC92123608,,-4.642,-42.519,-4.83,
,ZINC92123803,,-4.64,-49.975,-4.967,
,ZINC92123803,,-4.64,-49.975,-4.967,
,ZINC92122089,,-4.627,-51.896,-4.798,
,ZINC92126008,,-4.62,-44.203,-4.809,
,ZINC77270907,,-4.618,-99.331,-6.952,
,ZINC77270907,,-4.618,-99.331,-6.952,
,ZINC77270907,,-4.618,-99.331,-6.952,
,ZINC77270907,,-4.618,-99.331,-6.952,
,ZINC77270907,,-4.618,-99.331,-6.952,
,ZINC77270907,,-4.618,-99.331,-6.952,
,ZINC92123663,,-4.615,-41.956,-4.754,
,ZINC77291604,,-4.61,-115.736,-6.749,
,ZINC77291604,,-4.61,-115.736,-6.749,
,ZINC92108284,,-4.598,-55.049,-4.736,
,ZINC92108284,,-4.598,-55.049,-4.736,
,ZINC77312540,,-4.592,-81.633,-5.658,
,ZINC92121613,,-4.591,-49.348,-4.827,
,ZINC92126954,,-4.587,-47.625,-5.213,
,ZINC92126954,,-4.587,-47.625,-5.213,
,ZINC77319963,,-4.578,-82.109,-5.831,
,ZINC77319963,,-4.578,-82.109,-5.831,
,ZINC77319963,,-4.578,-82.109,-5.831,
,ZINC92123225,,-4.574,-41.899,-4.716,
,ZINC92124241,,-4.564,-55.713,-4.978,
,ZINC92126444,,-4.562,-44.071,-4.697,
,ZINC92126444,,-4.562,-44.071,-4.697,
,ZINC72400631,,-4.561,-86.338,-6.048,
,ZINC72400631,,-4.561,-86.338,-6.048,
,ZINC72400631,,-4.561,-86.338,-6.048,
,ZINC72400631,,-4.561,-86.338,-6.048,
,ZINC92125967,,-4.559,-41.575,-4.701,
,ZINC92125967,,-4.559,-41.575,-4.701,
,ZINC92126132,,-4.557,-43.956,-4.709,
,ZINC92126132,,-4.557,-43.956,-4.709,
,ZINC92123889,,-4.557,-40.29,-4.728,
,ZINC92119875,,-4.547,-46.327,-4.695,
,ZINC72400628,,-4.538,-76.044,-6.025,
,ZINC38139393,,-4.537,-72.009,-6.171,
,ZINC92121419,,-4.536,-46.005,-4.696,
,ZINC73339551,,-4.533,-54.356,-4.928,
,ZINC67473434,,-4.531,-52.214,-4.679,
,ZINC67473434,,-4.531,-52.214,-4.679,
,ZINC92126253,,-4.528,-36.775,-4.657,
,ZINC92125777,,-4.524,-31.613,-4.669,
,ZINC92125777,,-4.524,-31.613,-4.669,
,ZINC92121575,,-4.52,-51.426,-4.706,
,ZINC72400631,,-4.519,-78.979,-5.816,
,ZINC72400631,,-4.519,-78.979,-5.816,
,ZINC72400631,,-4.519,-78.979,-5.816,
,ZINC72400631,,-4.519,-78.979,-5.816,
,ZINC92124356,,-4.513,-46.942,-5.138,
,ZINC92103910,,-4.506,-32.182,-4.783,
,ZINC92124121,,-4.495,-38.268,-4.616,
,ZINC92120270,,-4.495,-58.335,-5.862,
,ZINC92120270,,-4.495,-58.335,-5.862,
,ZINC92123841,,-4.494,-40.612,-4.621,
,ZINC92124160,,-4.491,-49.885,-4.808,
,ZINC92124160,,-4.491,-49.885,-4.808,
,ZINC72996934,,-4.49,-49.509,-4.885,
,ZINC77286909,,-4.49,-60.795,-5.961,
,ZINC77286909,,-4.49,-60.795,-5.961,
,ZINC00003048,,-4.49,-38.445,-4.49,
,ZINC92120092,,-4.482,-47.548,-4.634,
,ZINC92123053,,-4.482,-44.925,-4.631,
,ZINC92123053,,-4.482,-44.925,-4.631,
,ZINC92124160,,-4.481,-58.308,-5.409,
,ZINC92124160,,-4.481,-58.308,-5.409,
,ZINC92124363,,-4.481,-40.4,-4.628,
,ZINC92124363,,-4.481,-40.4,-4.628,
,ZINC92121283,,-4.48,-48.819,-5.269,
,ZINC92121283,,-4.48,-48.819,-5.269,
,ZINC92123587,,-4.477,-45.891,-5.216,
,ZINC92123587,,-4.477,-45.891,-5.216,
,ZINC77273272,,-4.47,-78.565,-5.978,
,ZINC77273272,,-4.47,-78.565,-5.978,
,ZINC77273272,,-4.47,-78.565,-5.978,
,ZINC77273272,,-4.47,-78.565,-5.978,
,ZINC77273272,,-4.47,-78.565,-5.978,
,ZINC77273272,,-4.47,-78.565,-5.978,
,ZINC77273272,,-4.47,-78.565,-5.978,
,ZINC77273272,,-4.47,-78.565,-5.978,
,ZINC92124564,,-4.469,-43.191,-5.37,
,ZINC83251284,,-4.46,-40.259,-4.46,
,ZINC92122768,,-4.458,-39.756,-4.608,
,ZINC92122768,,-4.458,-39.756,-4.608,
,ZINC92125289,,-4.458,-42.044,-4.574,
,ZINC67641945,,-4.452,-42.792,-4.588,
,ZINC67641945,,-4.452,-42.792,-4.588,
,ZINC92122849,,-4.452,-44.745,-4.602,
,ZINC92122849,,-4.452,-44.745,-4.602,
,ZINC67803476,,-4.451,-47.588,-4.66,
,ZINC92123587,,-4.441,-43.738,-4.887,
,ZINC92123587,,-4.441,-43.738,-4.887,
,ZINC67727365,,-4.438,-42.825,-4.611,
,ZINC92122098,,-4.431,-50.752,-4.604,
,ZINC92124243,,-4.42,-57.776,-4.748,
,ZINC92120309,,-4.417,-43.548,-4.565,
,ZINC92120309,,-4.417,-43.548,-4.565,
,ZINC77273277,,-4.416,-81.724,-5.924,
,ZINC92121283,,-4.412,-49.979,-4.618,
,ZINC92121283,,-4.412,-49.979,-4.618,
,ZINC92122931,,-4.412,-49.255,-4.587,
,ZINC72400629,,-4.402,-69.03,-5.97,
,ZINC72400629,,-4.402,-69.03,-5.97,
,ZINC72400629,,-4.402,-69.03,-5.97,
,ZINC72400629,,-4.402,-69.03,-5.97,
,ZINC72400629,,-4.402,-69.03,-5.97,
,ZINC92121659,,-4.393,-50.773,-5.42,
,ZINC92126035,,-4.385,-47.483,-4.632,
,ZINC01237294,,-4.37,-38.955,-4.783,
,ZINC77286907,,-4.363,-56.037,-5.731,
,ZINC89460689,,-4.362,-42.896,-4.51,
,ZINC92123780,,-4.354,-49.649,-4.541,
,ZINC92126212,,-4.354,-46.157,-4.797,
,ZINC92123632,,-4.352,-47.299,-5.151,
,ZINC83251288,,-4.341,-40.902,-4.341,
,ZINC92124241,,-4.332,-47.532,-5.162,
,ZINC92117482,,-4.328,-41.652,-4.458,
,ZINC73339551,,-4.325,-56.101,-4.802,
,ZINC92122870,,-4.324,-40.929,-4.471,
,ZINC92122870,,-4.324,-40.929,-4.471,
,ZINC77825758,,-4.323,-48.114,-4.323,
,ZINC39336693,,-4.323,-52.565,-4.341,
,ZINC92124472,,-4.321,-38.803,-4.444,
,ZINC92124358,,-4.321,-54.605,-4.84,
,ZINC92123495,,-4.318,-38.668,-4.574,
,ZINC92126317,,-4.317,-38.158,-4.452,
,ZINC92126317,,-4.317,-38.158,-4.452,
,ZINC92125810,,-4.311,-50.326,-4.499,
,ZINC77270903,,-4.31,-76.289,-5.905,
,ZINC77270903,,-4.31,-76.289,-5.905,
,ZINC72996934,,-4.309,-53.325,-4.786,
,ZINC92117889,,-4.308,-44.659,-4.456,
,ZINC92117889,,-4.308,-44.659,-4.456,
,ZINC92107828,,-4.307,-38.02,-4.454,
,ZINC92107828,,-4.307,-38.02,-4.454,
,ZINC92121611,,-4.304,-46.113,-5.167,
,ZINC92121611,,-4.304,-46.113,-5.167,
,ZINC92107825,,-4.302,-37.255,-4.449,
,ZINC72400628,,-4.29,-72.781,-5.587,
,ZINC92122789,,-4.288,-42.57,-4.476,
,ZINC92123233,,-4.287,-57.73,-5.782,
,ZINC92125984,,-4.287,-41.352,-4.405,
,ZINC92124599,,-4.281,-37.292,-4.401,
,ZINC92124599,,-4.281,-37.292,-4.401,
,ZINC92125124,,-4.277,-34.767,-4.418,
,ZINC67727362,,-4.276,-46.807,-4.448,
,ZINC92122441,,-4.274,-47.925,-4.422,
,ZINC92122758,,-4.264,-47.521,-4.412,
,ZINC12375640,,-4.261,-39.324,-4.261,
,ZINC72332894,,-4.255,-54.755,-5.004,
,ZINC72332894,,-4.255,-54.755,-5.004,
,ZINC92122984,,-4.255,-44.707,-4.404,
,ZINC92122984,,-4.255,-44.707,-4.404,
,ZINC92123889,,-4.252,-39.064,-5.072,
,ZINC64481114,,-4.252,-36.448,-4.4,
,ZINC77319966,,-4.251,-77.055,-5.504,
,ZINC77319966,,-4.251,-77.055,-5.504,
,ZINC83251304,,-4.249,-32.428,-4.249,
,ZINC92124839,,-4.246,-39.284,-4.372,
,ZINC73732993,,-4.245,-53.322,-4.722,
,ZINC92125810,,-4.243,-42.721,-4.431,
,ZINC92125153,,-4.241,-52.741,-5.524,
,ZINC92125153,,-4.241,-52.741,-5.524,
,ZINC92103452,,-4.241,-37.532,-4.36,
,ZINC92120040,,-4.239,-40.749,-4.428,
,ZINC92124245,,-4.228,-50.635,-4.388,
,ZINC92124245,,-4.228,-50.635,-4.388,
,ZINC92124564,,-4.227,-43.18,-4.373,
,ZINC92120054,,-4.226,-45.843,-4.374,
,ZINC72400628,,-4.225,-78.119,-5.793,
,ZINC92120573,,-4.223,-39.46,-4.359,
,ZINC92120573,,-4.223,-39.46,-4.359,
,ZINC92120573,,-4.223,-39.46,-4.359,
,ZINC92121005,,-4.222,-45.684,-5.094,
,ZINC92123166,,-4.221,-40.982,-4.41,
,ZINC67560929,,-4.218,-40.757,-4.682,
,ZINC92125159,,-4.216,-37.69,-4.364,
,ZINC92121836,,-4.215,-40.426,-4.336,
,ZINC92124884,,-4.214,-42.658,-4.351,
,ZINC92123499,,-4.212,-40.237,-4.35,
,ZINC92123499,,-4.212,-40.237,-4.35,
,ZINC92126123,,-4.206,-39.508,-4.358,
,ZINC67878314,,-4.205,-50.757,-4.481,
,ZINC72400628,,-4.204,-78.298,-5.743,
,ZINC92123338,,-4.203,-37.82,-4.451,
,ZINC92120863,,-4.203,-42.533,-4.384,
,ZINC92123278,,-4.2,-38.452,-4.348,
,ZINC92123278,,-4.2,-38.452,-4.348,
,ZINC92123510,,-4.2,-40.781,-4.338,
,ZINC92123510,,-4.2,-40.781,-4.338,
,ZINC37108244,,-4.191,-48.247,-4.392,
,ZINC77273272,,-4.187,-78.124,-5.682,
,ZINC77273272,,-4.187,-78.124,-5.682,
,ZINC77273272,,-4.187,-78.124,-5.682,
,ZINC77273272,,-4.187,-78.124,-5.682,
,ZINC77273272,,-4.187,-78.124,-5.682,
,ZINC77273272,,-4.187,-78.124,-5.682,
,ZINC77273272,,-4.187,-78.124,-5.682,
,ZINC77273272,,-4.187,-78.124,-5.682,
,ZINC77286909,,-4.183,-56.859,-5.731,
,ZINC77286909,,-4.183,-56.859,-5.731,
,ZINC92122468,,-4.182,-39.603,-4.319,
,ZINC92122468,,-4.182,-39.603,-4.319,
,ZINC92122468,,-4.182,-39.603,-4.319,
,ZINC92123706,,-4.179,-40.152,-4.309,
,ZINC92123706,,-4.179,-40.152,-4.309,
,ZINC92121575,,-4.174,-48.232,-4.951,
,ZINC92967660,,-4.174,-38.3,-4.683,
,ZINC39336693,,-4.171,-53.74,-4.19,
,ZINC92107945,,-4.169,-38.296,-4.278,
,ZINC92107945,,-4.169,-38.296,-4.278,
,ZINC64220222,,-4.168,-41.02,-4.168,
,ZINC77291600,,-4.167,-102.166,-6.237,
,ZINC77291600,,-4.167,-102.166,-6.237,
,ZINC73732993,,-4.166,-54.175,-4.561,
,ZINC83251301,,-4.163,-38.506,-4.163,
,ZINC72332893,,-4.153,-78.769,-6.004,
,ZINC72332893,,-4.153,-78.769,-6.004,
,ZINC72332893,,-4.153,-78.769,-6.004,
,ZINC92120913,,-4.149,-53.753,-5.335,
,ZINC92120913,,-4.149,-53.753,-5.335,
,ZINC92126178,,-4.134,-38.346,-4.233,
,ZINC49601554,,-4.132,-48.612,-4.403,
,ZINC49601554,,-4.132,-48.612,-4.403,
,ZINC49601554,,-4.132,-48.612,-4.403,
,ZINC49601554,,-4.132,-48.612,-4.403,
,ZINC92123903,,-4.13,-44.723,-4.276,
,ZINC92121613,,-4.129,-43.469,-4.993,
,ZINC59156828,,-4.129,-34.252,-4.278,
,ZINC59156828,,-4.129,-34.252,-4.278,
,ZINC92124074,,-4.126,-41.592,-4.301,
,ZINC92107553,,-4.122,-40.294,-4.251,
,ZINC92121848,,-4.122,-58.686,-5.794,
,ZINC92126126,,-4.12,-36.635,-4.272,
,ZINC92126126,,-4.12,-36.635,-4.272,
,ZINC92124247,,-4.116,-44.381,-4.483,
,ZINC92122924,,-4.115,-50.471,-4.529,
,ZINC92122924,,-4.115,-50.471,-4.529,
,ZINC69626956,,-4.114,-47.409,-4.594,
,ZINC92119831,,-4.104,-39.678,-4.241,
,ZINC92123848,,-4.101,-40.171,-4.228,
,ZINC92121887,,-4.091,-32.977,-4.308,
,ZINC35052122,,-4.091,-38.012,-4.091,
,ZINC92125153,,-4.09,-41.088,-4.353,
,ZINC92125153,,-4.09,-41.088,-4.353,
,ZINC77270880,,-4.089,-88.688,-5.385,
,ZINC77270880,,-4.089,-88.688,-5.385,
,ZINC77270880,,-4.089,-88.688,-5.385,
,ZINC92106409,,-4.074,-40.782,-5,
,ZINC92124358,,-4.067,-50.854,-4.692,
,ZINC92108490,,-4.065,-38.716,-4.211,
,ZINC92107889,,-4.055,-42.923,-4.95,
,ZINC69626956,,-4.044,-54.115,-4.433,
,ZINC92121535,,-4.032,-50.389,-4.207,
,ZINC92125766,,-4.031,-38.05,-4.166,
,ZINC92124480,,-4.031,-40.256,-4.179,
,ZINC92120040,,-4.03,-43.084,-4.219,
,ZINC94941571,,-4.028,-43.558,-4.064,
,ZINC67587453,,-4.027,-43.634,-4.188,
,ZINC67587453,,-4.027,-43.634,-4.188,
,ZINC38139392,,-4.013,-65.833,-5.563,
,ZINC92124218,,-4.01,-39.912,-4.155,
,ZINC92122924,,-4.008,-45.798,-5.028,
,ZINC92122924,,-4.008,-45.798,-5.028,
,ZINC92124803,,-4.006,-36.613,-4.127,
,ZINC72399348,,-4.003,-89.629,-6.13,
,ZINC72399348,,-4.003,-89.629,-6.13,
,ZINC72399348,,-4.003,-89.629,-6.13,
,ZINC72399348,,-4.003,-89.629,-6.13,
,ZINC92123977,,-3.99,-41.039,-4.865,
,ZINC92121611,,-3.988,-46.837,-4.224,
,ZINC92121611,,-3.988,-46.837,-4.224,
,ZINC92121989,,-3.981,-41.003,-4.698,
,ZINC92123903,,-3.98,-41.698,-4.883,
,ZINC92124565,,-3.977,-40.814,-4.123,
,ZINC92104974,,-3.973,-38.173,-4.113,
,ZINC92125811,,-3.972,-46.856,-4.16,
,ZINC92125433,,-3.967,-39.32,-4.094,
,ZINC92122662,,-3.967,-36.354,-4.107,
,ZINC77319966,,-3.966,-69.103,-5.328,
,ZINC77319966,,-3.966,-69.103,-5.328,
,ZINC92124467,,-3.966,-47.955,-4.691,
,ZINC92124467,,-3.966,-47.955,-4.691,
,ZINC77312540,,-3.965,-71.71,-5.302,
,ZINC77273286,,-3.964,-81.349,-6.621,
,ZINC77273286,,-3.964,-81.349,-6.621,
,ZINC92125480,,-3.964,-35.776,-4.107,
,ZINC33830395,,-3.958,-48.367,-3.958,
,ZINC92126655,,-3.957,-39.085,-4.101,
,ZINC92124920,,-3.957,-36.627,-4.096,
,ZINC92124920,,-3.957,-36.627,-4.096,
,ZINC92122098,,-3.957,-49.699,-4.13,
,ZINC92107891,,-3.955,-43.804,-4.85,
,ZINC92121585,,-3.955,-43.541,-4.095,
,ZINC89460886,,-3.954,-38.52,-4.091,
,ZINC92106409,,-3.952,-35.002,-4.097,
,ZINC92123201,,-3.952,-40.402,-4.093,
,ZINC92123201,,-3.952,-40.402,-4.093,
,ZINC92123201,,-3.952,-40.402,-4.093,
,ZINC92123201,,-3.952,-40.402,-4.093,
,ZINC92123201,,-3.952,-40.402,-4.093,
,ZINC92121213,,-3.95,-49.774,-4.859,
,ZINC67649666,,-3.949,-46.167,-4.844,
,ZINC92126954,,-3.949,-47.345,-4.544,
,ZINC92126954,,-3.949,-47.345,-4.544,
,ZINC92123022,,-3.948,-42.592,-4.723,
,ZINC92120567,,-3.948,-37.489,-4.084,
,ZINC92120567,,-3.948,-37.489,-4.084,
,ZINC77270903,,-3.946,-79.272,-5.814,
,ZINC77270903,,-3.946,-79.272,-5.814,
,ZINC92123276,,-3.941,-40.993,-4.083,
,ZINC92123276,,-3.941,-40.993,-4.083,
,ZINC92120467,,-3.934,-42.328,-4.828,
,ZINC92121659,,-3.932,-45.64,-4.309,
,ZINC92124068,,-3.931,-35.02,-4.054,
,ZINC92121613,,-3.931,-46.025,-4.795,
,ZINC67677119,,-3.93,-53.426,-4.386,
,ZINC67677119,,-3.93,-53.426,-4.386,
,ZINC77291612,,-3.916,-91.342,-6.055,
,ZINC92123255,,-3.913,-36.353,-4.033,
,ZINC92123255,,-3.913,-36.353,-4.033,
,ZINC92122446,,-3.91,-35.082,-4.031,
,ZINC92120943,,-3.908,-36.968,-4.045,
,ZINC92122101,,-3.905,-36.944,-4.684,
,ZINC92122101,,-3.905,-36.944,-4.684,
,ZINC92121940,,-3.903,-40.702,-4.045,
,ZINC92121940,,-3.903,-40.702,-4.045,
,ZINC92120450,,-3.898,-36.781,-4.057,
,ZINC92122853,,-3.897,-38.958,-4.034,
,ZINC92122853,,-3.897,-38.958,-4.034,
,ZINC92124788,,-3.892,-39.856,-4.143,
,ZINC92124788,,-3.892,-39.856,-4.143,
,ZINC92126200,,-3.888,-40.894,-4.036,
,ZINC92119912,,-3.887,-33.502,-4.136,
,ZINC84064702,,-3.879,-44.823,-3.948,
,ZINC92121575,,-3.878,-49.513,-4.656,
,ZINC67787859,,-3.876,-46.07,-4.062,
,ZINC92123632,,-3.875,-46.731,-4.921,
,ZINC92125775,,-3.874,-42.858,-4.019,
,ZINC92125775,,-3.874,-42.858,-4.019,
,ZINC89675936,,-3.869,-46.287,-4.335,
,ZINC74838737,,-3.869,-41.366,-3.869,
,ZINC85627945,,-3.868,-46.259,-4.827,
,ZINC92121694,,-3.865,-37.354,-4.016,
,ZINC92121694,,-3.865,-37.354,-4.016,
,ZINC92126008,,-3.865,-40.028,-4.053,
,ZINC64219649,,-3.862,-46.66,-4.142,
,ZINC92122013,,-3.861,-44.061,-4.646,
,ZINC37108244,,-3.853,-39.946,-4.055,
,ZINC92107862,,-3.851,-37.821,-3.982,
,ZINC92122122,,-3.85,-38.611,-4.006,
,ZINC92122122,,-3.85,-38.611,-4.006,
,ZINC92122734,,-3.847,-35.767,-3.985,
,ZINC92122734,,-3.847,-35.767,-3.985,
,ZINC92120587,,-3.846,-45.318,-4.849,
,ZINC92123587,,-3.845,-44.187,-5.01,
,ZINC92123587,,-3.845,-44.187,-5.01,
,ZINC92126008,,-3.845,-43.609,-4.616,
,ZINC92123949,,-3.844,-32.119,-4.049,
,ZINC67724648,,-3.838,-47.025,-4.742,
,ZINC67724648,,-3.838,-47.025,-4.742,
,ZINC94798658,,-3.836,-41.391,-4.14,
,ZINC92124108,,-3.824,-40.342,-4.633,
,ZINC92124224,,-3.824,-34.394,-3.973,
,ZINC77273286,,-3.824,-73.608,-5.258,
,ZINC77273286,,-3.824,-73.608,-5.258,
,ZINC92120024,,-3.823,-33.18,-3.963,
,ZINC92120270,,-3.816,-51.655,-5.147,
,ZINC92120270,,-3.816,-51.655,-5.147,
,ZINC92122903,,-3.814,-32.892,-3.927,
,ZINC77273272,,-3.814,-84.256,-6.471,
,ZINC77273272,,-3.814,-84.256,-6.471,
,ZINC77273272,,-3.814,-84.256,-6.471,
,ZINC77273272,,-3.814,-84.256,-6.471,
,ZINC77273272,,-3.814,-84.256,-6.471,
,ZINC77273272,,-3.814,-84.256,-6.471,
,ZINC77273272,,-3.814,-84.256,-6.471,
,ZINC77273272,,-3.814,-84.256,-6.471,
,ZINC92124483,,-3.811,-33.113,-3.947,
,ZINC92121659,,-3.809,-44.146,-4.186,
,ZINC92120092,,-3.808,-45.429,-4.718,
,ZINC72332893,,-3.807,-75.098,-5.893,
,ZINC72332893,,-3.807,-75.098,-5.893,
,ZINC72332893,,-3.807,-75.098,-5.893,
,ZINC92124529,,-3.799,-36.881,-4.732,
,ZINC92124529,,-3.799,-36.881,-4.732,
,ZINC77312540,,-3.799,-87.25,-6.014,
,ZINC92122637,,-3.796,-37.689,-3.934,
,ZINC92122637,,-3.796,-37.689,-3.934,
,ZINC67846777,,-3.786,-37.311,-3.948,
,ZINC92119732,,-3.782,-38.761,-4.601,
,ZINC92127155,,-3.782,-35.993,-4.6,
,ZINC67714724,,-3.781,-40.46,-3.962,
,ZINC92120951,,-3.778,-43.137,-4.127,
,ZINC92119875,,-3.774,-46.339,-4.669,
,ZINC92107552,,-3.774,-39.95,-3.902,
,ZINC92107552,,-3.774,-39.95,-3.902,
,ZINC92125153,,-3.77,-41.377,-4.715,
,ZINC92125153,,-3.77,-41.377,-4.715,
,ZINC92126247,,-3.769,-34.458,-3.885,
,ZINC92123251,,-3.769,-34.371,-3.889,
,ZINC92123251,,-3.769,-34.371,-3.889,
,ZINC92120459,,-3.766,-43.559,-4.59,
,ZINC92120459,,-3.766,-43.559,-4.59,
,ZINC92103541,,-3.762,-35.658,-3.897,
,ZINC92106217,,-3.762,-43.117,-4.617,
,ZINC92106217,,-3.762,-43.117,-4.617,
,ZINC92106217,,-3.762,-43.117,-4.617,
,ZINC20355753,,-3.761,-41.497,-3.762,
,ZINC92120727,,-3.753,-37.443,-3.903,
,ZINC92123077,,-3.752,-37.924,-3.933,
,ZINC92122931,,-3.752,-47.336,-3.927,
,ZINC92120820,,-3.75,-28.357,-3.895,
,ZINC92126877,,-3.748,-42.048,-3.755,
,ZINC92124141,,-3.735,-32.408,-3.857,
,ZINC92121989,,-3.732,-38.861,-3.941,
,ZINC92120820,,-3.731,-40.334,-4.657,
,ZINC92123271,,-3.729,-36.239,-3.871,
,ZINC92123271,,-3.729,-36.239,-3.871,
,ZINC92123271,,-3.729,-36.239,-3.871,
,ZINC92123271,,-3.729,-36.239,-3.871,
,ZINC92123271,,-3.729,-36.239,-3.871,
,ZINC92123610,,-3.728,-44.008,-4.666,
,ZINC92123610,,-3.728,-44.008,-4.666,
,ZINC72332893,,-3.728,-90.862,-6.414,
,ZINC72332893,,-3.728,-90.862,-6.414,
,ZINC72332893,,-3.728,-90.862,-6.414,
,ZINC92124918,,-3.725,-37.312,-3.864,
,ZINC92120942,,-3.723,-37.694,-3.86,
,ZINC85627945,,-3.723,-39.464,-4.435,
,ZINC92123756,,-3.722,-62.742,-6.153,
,ZINC92117604,,-3.72,-46.822,-4.593,
,ZINC92117604,,-3.72,-46.822,-4.593,
,ZINC92106265,,-3.72,-39.624,-4.637,
,ZINC92123913,,-3.719,-37.917,-3.904,
,ZINC92123913,,-3.719,-37.917,-3.904,
,ZINC63428698,,-3.717,-39.542,-4.131,
,ZINC92107891,,-3.715,-47.502,-4.61,
,ZINC92125262,,-3.713,-37.8,-3.852,
,ZINC92126706,,-3.712,-37.036,-3.849,
,ZINC92126706,,-3.712,-37.036,-3.849,
,ZINC92126706,,-3.712,-37.036,-3.849,
,ZINC92124593,,-3.708,-33.998,-3.85,
,ZINC92120912,,-3.704,-37.575,-4.512,
,ZINC92967660,,-3.703,-39.077,-4.084,
,ZINC92124580,,-3.702,-38.614,-3.844,
,ZINC92124580,,-3.702,-38.614,-3.844,
,ZINC92124580,,-3.702,-38.614,-3.844,
,ZINC92120587,,-3.701,-47.719,-3.908,
,ZINC92107825,,-3.701,-37.548,-4.598,
,ZINC67677119,,-3.701,-56.734,-4.994,
,ZINC67677119,,-3.701,-56.734,-4.994,
,ZINC92123166,,-3.697,-40.187,-4.466,
,ZINC92108135,,-3.694,-29.46,-3.903,
,ZINC72332893,,-3.694,-74.119,-5.437,
,ZINC72332893,,-3.694,-74.119,-5.437,
,ZINC72332893,,-3.694,-74.119,-5.437,
,ZINC92120567,,-3.691,-38.543,-4.63,
,ZINC92120567,,-3.691,-38.543,-4.63,
,ZINC92123205,,-3.691,-43.065,-4.565,
,ZINC92125957,,-3.69,-37.478,-3.838,
,ZINC92125957,,-3.69,-37.478,-3.838,
,ZINC92122089,,-3.689,-51.215,-4.507,
,ZINC92124107,,-3.687,-32.463,-3.944,
,ZINC00827409,,-3.68,-40.117,-3.686,
,ZINC35643942,,-3.679,-35.802,-3.681,
,ZINC81944384,,-3.668,-40.588,-3.704,
,ZINC92125329,,-3.668,-45.835,-4.646,
,ZINC72332894,,-3.661,-75.4,-6.348,
,ZINC72332894,,-3.661,-75.4,-6.348,
,ZINC92124434,,-3.66,-34.614,-3.776,
,ZINC92122646,,-3.657,-40.175,-3.78,
,ZINC92125978,,-3.654,-38.986,-3.786,
,ZINC92125978,,-3.654,-38.986,-3.786,
,ZINC92125978,,-3.654,-38.986,-3.786,
,ZINC72332894,,-3.651,-74.182,-5.994,
,ZINC72332894,,-3.651,-74.182,-5.994,
,ZINC92124223,,-3.651,-36.558,-3.794,
,ZINC92124223,,-3.651,-36.558,-3.794,
,ZINC92126121,,-3.65,-39.386,-3.749,
,ZINC67654501,,-3.648,-46.029,-3.796,
,ZINC92126181,,-3.647,-40.58,-3.746,
,ZINC92122789,,-3.647,-36.592,-4.416,
,ZINC77286909,,-3.646,-54.167,-6.311,
,ZINC77286909,,-3.646,-54.167,-6.311,
,ZINC72332894,,-3.646,-63.411,-5.497,
,ZINC72332894,,-3.646,-63.411,-5.497,
,ZINC92123746,,-3.645,-34.942,-3.845,
,ZINC67847552,,-3.645,-33.293,-4.09,
,ZINC94336601,,-3.643,-34.939,-3.643,
,ZINC92119847,,-3.641,-43.446,-3.769,
,ZINC92119847,,-3.641,-43.446,-3.769,
,ZINC77273272,,-3.636,-73.543,-6.321,
,ZINC77273272,,-3.636,-73.543,-6.321,
,ZINC77273272,,-3.636,-73.543,-6.321,
,ZINC77273272,,-3.636,-73.543,-6.321,
,ZINC77273272,,-3.636,-73.543,-6.321,
,ZINC77273272,,-3.636,-73.543,-6.321,
,ZINC77273272,,-3.636,-73.543,-6.321,
,ZINC77273272,,-3.636,-73.543,-6.321,
,ZINC92103450,,-3.635,-35.182,-3.892,
,ZINC77270885,,-3.633,-77.924,-5.761,
,ZINC77270885,,-3.633,-77.924,-5.761,
,ZINC92123780,,-3.632,-44.91,-4.506,
,ZINC92119829,,-3.632,-36.24,-3.769,
,ZINC38139392,,-3.631,-65.81,-5.266,
,ZINC92123749,,-3.629,-36.441,-3.829,
,ZINC92122905,,-3.626,-32.399,-3.739,
,ZINC92123077,,-3.625,-42.318,-4.415,
,ZINC92120916,,-3.625,-50.101,-4.81,
,ZINC92120916,,-3.625,-50.101,-4.81,
,ZINC63537904,,-3.621,-38.323,-3.697,
,ZINC63537904,,-3.621,-38.323,-3.697,
,ZINC63537904,,-3.621,-38.323,-3.697,
,ZINC92119681,,-3.621,-35.841,-3.769,
,ZINC92125969,,-3.619,-31.443,-3.74,
,ZINC92119287,,-3.619,-35.086,-3.741,
,ZINC92107857,,-3.616,-53.783,-5.353,
,ZINC79669709,,-3.616,-50.158,-3.616,
,ZINC92127129,,-3.609,-35.657,-3.746,
,ZINC92127129,,-3.609,-35.657,-3.746,
,ZINC92124109,,-3.605,-36.272,-4.414,
,ZINC92124701,,-3.603,-37.532,-3.74,
,ZINC92117408,,-3.603,-39.821,-3.751,
,ZINC77286907,,-3.601,-54.339,-5.072,
,ZINC92121182,,-3.599,-36.695,-4.505,
,ZINC92120092,,-3.596,-39.627,-3.748,
,ZINC92106215,,-3.596,-33.293,-3.81,
,ZINC77291611,,-3.596,-88.006,-5.735,
,ZINC77291611,,-3.596,-88.006,-5.735,
,ZINC77291611,,-3.596,-88.006,-5.735,
,ZINC77291611,,-3.596,-88.006,-5.735,
,ZINC77291611,,-3.596,-88.006,-5.735,
,ZINC77291611,,-3.596,-88.006,-5.735,
,ZINC77291611,,-3.596,-88.006,-5.735,
,ZINC77291611,,-3.596,-88.006,-5.735,
,ZINC77291611,,-3.596,-88.006,-5.735,
,ZINC77291611,,-3.596,-88.006,-5.735,
,ZINC92119732,,-3.595,-35.054,-3.766,
,ZINC92124241,,-3.593,-49.575,-4.613,
,ZINC92122445,,-3.591,-34.406,-3.713,
,ZINC92123780,,-3.589,-44.655,-4.463,
,ZINC92126954,,-3.585,-48.178,-4.899,
,ZINC92126954,,-3.585,-48.178,-4.899,
,ZINC92120688,,-3.584,-50.467,-4.363,
,ZINC92120688,,-3.584,-50.467,-4.363,
,ZINC92120428,,-3.58,-37.449,-3.733,
,ZINC92120428,,-3.58,-37.449,-3.733,
,ZINC92124288,,-3.58,-37.667,-3.733,
,ZINC92120645,,-3.577,-36.736,-3.737,
,ZINC92120645,,-3.577,-36.736,-3.737,
,ZINC92120645,,-3.577,-36.736,-3.737,
,ZINC67677119,,-3.577,-61.013,-5.44,
,ZINC67677119,,-3.577,-61.013,-5.44,
,ZINC92123029,,-3.575,-35.763,-3.814,
,ZINC92126367,,-3.568,-43.208,-3.875,
,ZINC64481114,,-3.562,-44.661,-4.458,
,ZINC92123586,,-3.562,-32.631,-3.745,
,ZINC94336600,,-3.557,-33.556,-3.557,
,ZINC31168788,,-3.556,-38.959,-3.579,
,ZINC92121611,,-3.554,-43.59,-4.418,
,ZINC92121611,,-3.554,-43.59,-4.418,
,ZINC35643950,,-3.553,-37.518,-3.555,
,ZINC92121605,,-3.553,-32.9,-3.774,
,ZINC92123590,,-3.553,-37.818,-3.677,
,ZINC94798658,,-3.552,-45.157,-4.832,
,ZINC67587450,,-3.551,-36.515,-3.711,
,ZINC92123261,,-3.549,-35.846,-3.691,
,ZINC92123261,,-3.549,-35.846,-3.691,
,ZINC38139392,,-3.547,-61.721,-4.997,
,ZINC14760999,,-3.543,-38.564,-4.258,
,ZINC67787859,,-3.542,-44.101,-4.456,
,ZINC92121668,,-3.542,-36.522,-3.667,
,ZINC92121283,,-3.541,-44.88,-3.747,
,ZINC92121283,,-3.541,-44.88,-3.747,
,ZINC92126954,,-3.54,-44.891,-4.823,
,ZINC92126954,,-3.54,-44.891,-4.823,
,ZINC20355752,,-3.54,-41.772,-3.541,
,ZINC01582596,,-3.54,-34.511,-3.549,
,ZINC92120913,,-3.539,-34.409,-3.807,
,ZINC92120913,,-3.539,-34.409,-3.807,
,ZINC92121423,,-3.538,-43.929,-4.423,
,ZINC92121423,,-3.538,-43.929,-4.423,
,ZINC13660257,,-3.533,-38.707,-3.825,
,ZINC92126035,,-3.531,-39.678,-4.487,
,ZINC00189368,,-3.53,-32.737,-3.691,
,ZINC00189368,,-3.53,-32.737,-3.691,
,ZINC14760999,,-3.528,-40.691,-4.879,
,ZINC92123278,,-3.527,-39.212,-4.421,
,ZINC92123278,,-3.527,-39.212,-4.421,
,ZINC63428698,,-3.526,-35.518,-3.94,
,ZINC92120951,,-3.525,-35.999,-4.511,
,ZINC92120002,,-3.522,-40.603,-4.45,
,ZINC92120002,,-3.522,-40.603,-4.45,
,ZINC92123205,,-3.52,-40.048,-3.673,
,ZINC77273286,,-3.519,-84.451,-6.204,
,ZINC77273286,,-3.519,-84.451,-6.204,
,ZINC92123151,,-3.516,-35.796,-3.657,
,ZINC92123151,,-3.516,-35.796,-3.657,
,ZINC92123151,,-3.516,-35.796,-3.657,
,ZINC92123151,,-3.516,-35.796,-3.657,
,ZINC92123151,,-3.516,-35.796,-3.657,
,ZINC92123835,,-3.516,-54.744,-5.589,
,ZINC92125779,,-3.514,-44.29,-4.44,
,ZINC92125313,,-3.511,-40.15,-4.281,
,ZINC92123245,,-3.51,-37.812,-3.651,
,ZINC92123245,,-3.51,-37.812,-3.651,
,ZINC92124352,,-3.51,-35.776,-3.693,
,ZINC92124352,,-3.51,-35.776,-3.693,
,ZINC92119978,,-3.509,-35.468,-3.634,
,ZINC92120002,,-3.508,-37.642,-3.647,
,ZINC92120002,,-3.508,-37.642,-3.647,
,ZINC72399347,,-3.504,-69.065,-5.631,
,ZINC72399347,,-3.504,-69.065,-5.631,
,ZINC59156828,,-3.503,-41.073,-4.472,
,ZINC59156828,,-3.503,-41.073,-4.472,
,ZINC77273277,,-3.498,-87.481,-6.155,
,ZINC92120913,,-3.498,-41.169,-4.5,
,ZINC92120913,,-3.498,-41.169,-4.5,
,ZINC85627945,,-3.496,-35.631,-3.908,
,ZINC81349600,,-3.493,-40.519,-3.97,
,ZINC92125779,,-3.491,-31.736,-3.636,
,ZINC39963244,,-3.49,-42.918,-3.926,
,ZINC92120951,,-3.485,-45.203,-3.834,
,ZINC38139393,,-3.482,-64.488,-5.376,
,ZINC77319963,,-3.48,-69.262,-5.922,
,ZINC77319963,,-3.48,-69.262,-5.922,
,ZINC77319963,,-3.48,-69.262,-5.922,
,ZINC92120092,,-3.479,-40.993,-4.389,
,ZINC67677263,,-3.471,-36.141,-3.613,
,ZINC67803476,,-3.471,-38.287,-4.188,
,ZINC92125810,,-3.47,-42.403,-4.241,
,ZINC39963244,,-3.467,-40.924,-3.903,
,ZINC92126954,,-3.465,-49.247,-5.286,
,ZINC92126954,,-3.465,-49.247,-5.286,
,ZINC92123992,,-3.464,-36.93,-3.606,
,ZINC72332893,,-3.464,-82.745,-5.807,
,ZINC72332893,,-3.464,-82.745,-5.807,
,ZINC72332893,,-3.464,-82.745,-5.807,
,ZINC92124798,,-3.462,-48.704,-4.231,
,ZINC92124798,,-3.462,-48.704,-4.231,
,ZINC92121421,,-3.462,-44.563,-4.357,
,ZINC92120943,,-3.46,-38.375,-4.397,
,ZINC92103245,,-3.458,-37.116,-3.612,
,ZINC92126674,,-3.458,-42.174,-4.353,
,ZINC92126674,,-3.458,-42.174,-4.353,
,ZINC92120469,,-3.453,-30.63,-3.706,
,ZINC92124107,,-3.452,-28.888,-4.07,
,ZINC92106352,,-3.452,-36.232,-3.599,
,ZINC92106352,,-3.452,-36.232,-3.599,
,ZINC92106352,,-3.452,-36.232,-3.599,
,ZINC16292188,,-3.448,-34.456,-3.448,
,ZINC92121098,,-3.448,-31.213,-3.759,
,ZINC67804505,,-3.446,-35.377,-3.606,
,ZINC94798658,,-3.446,-40.395,-4.726,
,ZINC89461260,,-3.445,-38.223,-3.583,
,ZINC92123055,,-3.445,-37.589,-3.575,
,ZINC92121213,,-3.444,-35.019,-3.78,
,ZINC92123977,,-3.444,-39.797,-3.598,
,ZINC92122849,,-3.442,-36.995,-4.33,
,ZINC92122849,,-3.442,-36.995,-4.33,
,ZINC92120852,,-3.434,-34.213,-3.581,
,ZINC92106488,,-3.433,-33.063,-3.578,
,ZINC92106488,,-3.433,-33.063,-3.578,
,ZINC92126257,,-3.429,-40.713,-3.565,
,ZINC92126257,,-3.429,-40.713,-3.565,
,ZINC92125434,,-3.429,-33.055,-3.555,
,ZINC92123587,,-3.427,-43.04,-4.884,
,ZINC92123587,,-3.427,-43.04,-4.884,
,ZINC92119291,,-3.426,-38.014,-3.574,
,ZINC92122448,,-3.414,-34.915,-3.535,
,ZINC92122226,,-3.413,-40.057,-3.509,
,ZINC92121419,,-3.412,-39.727,-4.267,
,ZINC92125416,,-3.409,-36.751,-3.534,
,ZINC92120758,,-3.408,-34.689,-3.545,
,ZINC92121350,,-3.402,-36.362,-3.538,
,ZINC92108152,,-3.399,-37.997,-3.553,
,ZINC92106477,,-3.391,-37.035,-3.53,
,ZINC92126310,,-3.386,-40.844,-4.281,
,ZINC94798658,,-3.385,-55.573,-5.158,
,ZINC93356298,,-3.385,-37.171,-3.504,
,ZINC92106265,,-3.381,-49.555,-5.135,
,ZINC92102571,,-3.374,-37.821,-3.514,
,ZINC00407264,,-3.372,-33.66,-3.533,
,ZINC00407264,,-3.372,-33.66,-3.533,
,ZINC92123599,,-3.368,-38.714,-3.504,
,ZINC92123599,,-3.368,-38.714,-3.504,
,ZINC92120584,,-3.363,-49.794,-4.366,
,ZINC92108397,,-3.359,-40.75,-4.253,
,ZINC92121180,,-3.357,-36.258,-3.506,
,ZINC92121180,,-3.357,-36.258,-3.506,
,ZINC92123495,,-3.356,-32.144,-3.976,
,ZINC92128073,,-3.353,-40.452,-3.501,
,ZINC35643942,,-3.353,-37.473,-3.355,
,ZINC67878314,,-3.347,-49.005,-4.363,
,ZINC92126123,,-3.346,-34.394,-4.226,
,ZINC38139393,,-3.343,-60.663,-4.793,
,ZINC92123723,,-3.343,-42.49,-4.36,
,ZINC67605750,,-3.339,-35.835,-3.482,
,ZINC67605750,,-3.339,-35.835,-3.482,
,ZINC92123085,,-3.339,-32.718,-3.457,
,ZINC92124218,,-3.338,-34.891,-4.242,
,ZINC92126457,,-3.337,-39.271,-3.464,
,ZINC92126457,,-3.337,-39.271,-3.464,
,ZINC92120467,,-3.337,-40.635,-3.485,
,ZINC92107577,,-3.337,-44.483,-4.274,
,ZINC92103910,,-3.336,-28.718,-3.921,
,ZINC92124478,,-3.335,-49.301,-4.153,
,ZINC72332893,,-3.335,-74.551,-5.776,
,ZINC72332893,,-3.335,-74.551,-5.776,
,ZINC72332893,,-3.335,-74.551,-5.776,
,ZINC92124482,,-3.333,-33.39,-3.469,
,ZINC67804505,,-3.33,-40.412,-4.185,
,ZINC92125329,,-3.326,-36.575,-3.452,
,ZINC92108310,,-3.324,-42.01,-4.219,
,ZINC77270880,,-3.324,-81.684,-5.451,
,ZINC77270880,,-3.324,-81.684,-5.451,
,ZINC77270880,,-3.324,-81.684,-5.451,
,ZINC92122768,,-3.324,-35.292,-4.21,
,ZINC92122768,,-3.324,-35.292,-4.21,
,ZINC00189368,,-3.322,-40.402,-4.491,
,ZINC00189368,,-3.322,-40.402,-4.491,
,ZINC92122013,,-3.321,-41.138,-4.107,
,ZINC92123723,,-3.321,-38.806,-3.439,
,ZINC92108310,,-3.321,-38.205,-3.469,
,ZINC92123454,,-3.319,-32.48,-3.504,
,ZINC92126419,,-3.317,-34.857,-3.477,
,ZINC92126247,,-3.316,-31.226,-4.337,
,ZINC92124515,,-3.316,-40.928,-3.452,
,ZINC92106265,,-3.313,-38.504,-3.508,
,ZINC00238448,,-3.312,-36.284,-3.965,
,ZINC92121352,,-3.312,-35.88,-3.448,
,ZINC72400629,,-3.308,-78.262,-5.891,
,ZINC72400629,,-3.308,-78.262,-5.891,
,ZINC72400629,,-3.308,-78.262,-5.891,
,ZINC72400629,,-3.308,-78.262,-5.891,
,ZINC72400629,,-3.308,-78.262,-5.891,
,ZINC92125159,,-3.291,-32.628,-4.186,
,ZINC92120040,,-3.289,-40.194,-4.058,
,ZINC89460515,,-3.289,-39.439,-3.437,
,ZINC92123450,,-3.289,-31.987,-3.474,
,ZINC92123696,,-3.288,-39.033,-3.436,
,ZINC92123696,,-3.288,-39.033,-3.436,
,ZINC92123696,,-3.288,-39.033,-3.436,
,ZINC92123374,,-3.286,-39.803,-4.055,
,ZINC92107579,,-3.286,-43.157,-4.222,
,ZINC92123188,,-3.278,-34.585,-4.195,
,ZINC92121005,,-3.276,-50.02,-5.296,
,ZINC92103513,,-3.275,-37.511,-4.205,
,ZINC92123913,,-3.274,-37.322,-4.054,
,ZINC92123913,,-3.274,-37.322,-4.054,
,ZINC92126257,,-3.274,-44.637,-4.211,
,ZINC92126257,,-3.274,-44.637,-4.211,
,ZINC94798658,,-3.274,-52.748,-5.046,
,ZINC92126212,,-3.273,-45.561,-4.39,
,ZINC92120021,,-3.272,-34.031,-3.413,
,ZINC67473434,,-3.267,-45.998,-4.162,
,ZINC67473434,,-3.267,-45.998,-4.162,
,ZINC92119906,,-3.266,-30.254,-3.538,
,ZINC76945329,,-3.265,-43.187,-3.265,
,ZINC92122664,,-3.263,-35.993,-3.404,
,ZINC92122664,,-3.263,-35.993,-3.404,
,ZINC00238478,,-3.254,-34.51,-3.396,
,ZINC00238478,,-3.254,-34.51,-3.396,
,ZINC89675084,,-3.253,-50.788,-3.674,
,ZINC00407264,,-3.251,-41.08,-4.42,
,ZINC00407264,,-3.251,-41.08,-4.42,
,ZINC92125810,,-3.251,-45.811,-4.022,
,ZINC92124437,,-3.25,-35.059,-3.366,
,ZINC92121358,,-3.25,-45.96,-4.059,
,ZINC39336693,,-3.246,-68.395,-5.314,
,ZINC92127021,,-3.245,-38.287,-3.383,
,ZINC92127021,,-3.245,-38.287,-3.383,
,ZINC92127021,,-3.245,-38.287,-3.383,
,ZINC92126991,,-3.243,-44.016,-4.882,
,ZINC92121659,,-3.241,-44.081,-4.268,
,ZINC38139393,,-3.239,-65.427,-4.789,
,ZINC67847552,,-3.239,-40.797,-4.505,
,ZINC92122801,,-3.238,-38.219,-3.385,
,ZINC77273277,,-3.237,-82.675,-5.922,
,ZINC92125811,,-3.235,-41.874,-4.006,
,ZINC92124061,,-3.233,-38.891,-3.382,
,ZINC92124061,,-3.233,-38.891,-3.382,
,ZINC92108284,,-3.232,-49.702,-4.159,
,ZINC92108284,,-3.232,-49.702,-4.159,
,ZINC92126130,,-3.231,-36.785,-3.384,
,ZINC92107863,,-3.231,-39.15,-3.361,
,ZINC92123632,,-3.229,-44.917,-3.654,
,ZINC67677263,,-3.223,-43.026,-4.138,
,ZINC92124893,,-3.221,-43.576,-3.369,
,ZINC92124893,,-3.221,-43.576,-3.369,
,ZINC92124893,,-3.221,-43.576,-3.369,
,ZINC92117480,,-3.22,-33.751,-4.124,
,ZINC92126413,,-3.22,-36.838,-3.368,
,ZINC92126413,,-3.22,-36.838,-3.368,
,ZINC92106416,,-3.219,-36.162,-4.145,
,ZINC92107857,,-3.216,-49.867,-5.613,
,ZINC67587453,,-3.211,-36.75,-4.064,
,ZINC67587453,,-3.211,-36.75,-4.064,
,ZINC92108100,,-3.211,-39.222,-3.417,
,ZINC92108100,,-3.211,-39.222,-3.417,
,ZINC92122013,,-3.211,-41.627,-3.419,
,ZINC92124243,,-3.211,-48.144,-4.145,
,ZINC92107889,,-3.21,-43.563,-4.105,
,ZINC92120309,,-3.205,-38.994,-4.1,
,ZINC92120309,,-3.205,-38.994,-4.1,
,ZINC92119912,,-3.201,-26.211,-3.834,
,ZINC92103489,,-3.197,-36.945,-3.439,
,ZINC92108552,,-3.195,-39.019,-4.086,
,ZINC92108552,,-3.195,-39.019,-4.086,
,ZINC92123784,,-3.195,-35.018,-3.92,
,ZINC92123784,,-3.195,-35.018,-3.92,
,ZINC71751238,,-3.193,-36.85,-3.409,
,ZINC71751238,,-3.193,-36.85,-3.409,
,ZINC92123698,,-3.193,-42.798,-4.104,
,ZINC92123698,,-3.193,-42.798,-4.104,
,ZINC92121358,,-3.192,-46.506,-3.367,
,ZINC92121180,,-3.192,-29.103,-4.082,
,ZINC92121180,,-3.192,-29.103,-4.082,
,ZINC92125290,,-3.192,-34.044,-3.308,
,ZINC92125290,,-3.192,-34.044,-3.308,
,ZINC92120916,,-3.191,-43.494,-4.194,
,ZINC92120916,,-3.191,-43.494,-4.194,
,ZINC92125777,,-3.189,-39.451,-4.115,
,ZINC92125777,,-3.189,-39.451,-4.115,
,ZINC67878314,,-3.188,-52.126,-4.81,
,ZINC92124428,,-3.185,-40.167,-3.332,
,ZINC92120727,,-3.183,-40.595,-4.069,
,ZINC92125809,,-3.181,-38.511,-3.329,
,ZINC92121138,,-3.181,-36.728,-3.362,
,ZINC67587450,,-3.178,-35.389,-4.031,
,ZINC72400631,,-3.174,-65.356,-5.757,
,ZINC72400631,,-3.174,-65.356,-5.757,
,ZINC72400631,,-3.174,-65.356,-5.757,
,ZINC72400631,,-3.174,-65.356,-5.757,
,ZINC92121659,,-3.173,-37.776,-4.231,
,ZINC92108397,,-3.172,-41.639,-3.32,
,ZINC92120459,,-3.171,-39.805,-4.24,
,ZINC92120459,,-3.171,-39.805,-4.24,
,ZINC92128073,,-3.169,-38.408,-4.063,
,ZINC81453724,,-3.169,-46.854,-3.646,
,ZINC67605750,,-3.168,-38.691,-4.12,
,ZINC67605750,,-3.168,-38.691,-4.12,
,ZINC92120587,,-3.165,-45.708,-4.606,
,ZINC92117575,,-3.163,-38.73,-3.323,
,ZINC92124601,,-3.163,-38.308,-3.303,
,ZINC92126413,,-3.157,-37.712,-4.051,
,ZINC92126413,,-3.157,-37.712,-4.051,
,ZINC92910760,,-3.155,-35.163,-3.155,
,ZINC92107604,,-3.155,-37.745,-3.305,
,ZINC92126444,,-3.154,-35.531,-4.097,
,ZINC92126444,,-3.154,-35.531,-4.097,
,ZINC92125655,,-3.154,-31.615,-3.381,
,ZINC92123756,,-3.152,-47.196,-4.099,
,ZINC92120040,,-3.149,-40.524,-3.917,
,ZINC92106488,,-3.145,-38.833,-4.071,
,ZINC92106488,,-3.145,-38.833,-4.071,
,ZINC77319966,,-3.145,-75.62,-5.597,
,ZINC77319966,,-3.145,-75.62,-5.597,
,ZINC92123126,,-3.143,-45.998,-4.08,
,ZINC92123126,,-3.143,-45.998,-4.08,
,ZINC92104974,,-3.142,-34.009,-4.067,
,ZINC89460515,,-3.142,-34.997,-4.036,
,ZINC92106354,,-3.138,-48.212,-3.956,
,ZINC92121283,,-3.135,-42.551,-3.924,
,ZINC92121283,,-3.135,-42.551,-3.924,
,ZINC92108552,,-3.134,-38.018,-3.283,
,ZINC92108552,,-3.134,-38.018,-3.283,
,ZINC92107828,,-3.133,-33.773,-4.03,
,ZINC92107828,,-3.133,-33.773,-4.03,
,ZINC92106412,,-3.131,-39.655,-4.057,
,ZINC92106412,,-3.131,-39.655,-4.057,
,ZINC92124439,,-3.129,-34.372,-3.245,
,ZINC77270903,,-3.128,-87.882,-5.462,
,ZINC77270903,,-3.128,-87.882,-5.462,
,ZINC92123681,,-3.128,-41.449,-3.264,
,ZINC92121956,,-3.128,-36.328,-3.268,
,ZINC92121956,,-3.128,-36.328,-3.268,
,ZINC92126936,,-3.122,-38.875,-4.016,
,ZINC92106490,,-3.117,-27.842,-3.262,
,ZINC92106490,,-3.117,-27.842,-3.262,
,ZINC92124893,,-3.117,-40.822,-4.012,
,ZINC92124893,,-3.117,-40.822,-4.012,
,ZINC92124893,,-3.117,-40.822,-4.012,
,ZINC92124484,,-3.115,-40.89,-3.264,
,ZINC92124484,,-3.115,-40.89,-3.264,
,ZINC92121848,,-3.114,-38.163,-3.306,
,ZINC92125494,,-3.11,-42.413,-3.89,
,ZINC92125494,,-3.11,-42.413,-3.89,
,ZINC92125494,,-3.11,-42.413,-3.89,
,ZINC67649666,,-3.107,-37.73,-3.255,
,ZINC92121213,,-3.107,-42.538,-4.697,
,ZINC92125273,,-3.107,-38.701,-3.876,
,ZINC92125273,,-3.107,-38.701,-3.876,
,ZINC92125332,,-3.105,-32.119,-3.237,
,ZINC92123679,,-3.104,-33.415,-3.244,
,ZINC92121922,,-3.101,-37.22,-3.248,
,ZINC92120246,,-3.098,-40.407,-3.246,
,ZINC92120246,,-3.098,-40.407,-3.246,
,ZINC67840711,,-3.097,-44.731,-3.877,
,ZINC92123142,,-3.097,-37.772,-3.233,
,ZINC92123142,,-3.097,-37.772,-3.233,
,ZINC92123142,,-3.097,-37.772,-3.233,
,ZINC92123142,,-3.097,-37.772,-3.233,
,ZINC92125522,,-3.091,-40.563,-3.986,
,ZINC92125522,,-3.091,-40.563,-3.986,
,ZINC77319963,,-3.086,-84.506,-5.538,
,ZINC77319963,,-3.086,-84.506,-5.538,
,ZINC77319963,,-3.086,-84.506,-5.538,
,ZINC92122122,,-3.084,-53.96,-5.638,
,ZINC92122122,,-3.084,-53.96,-5.638,
,ZINC92123053,,-3.081,-36.156,-3.973,
,ZINC92123053,,-3.081,-36.156,-3.973,
,ZINC92123784,,-3.079,-35.594,-3.285,
,ZINC92123784,,-3.079,-35.594,-3.285,
,ZINC92107568,,-3.078,-37.013,-3.226,
,ZINC92107568,,-3.078,-37.013,-3.226,
,ZINC92124243,,-3.076,-47.629,-4.141,
,ZINC92124485,,-3.074,-36.129,-3.223,
,ZINC72400628,,-3.071,-64.882,-5.654,
,ZINC92120466,,-3.07,-36.104,-3.218,
,ZINC92120466,,-3.07,-36.104,-3.218,
,ZINC92124472,,-3.067,-35.612,-4.059,
,ZINC92119734,,-3.064,-38.021,-3.211,
,ZINC92119734,,-3.064,-38.021,-3.211,
,ZINC92117480,,-3.047,-35.831,-3.229,
,ZINC92121423,,-3.047,-37.417,-3.198,
,ZINC92121423,,-3.047,-37.417,-3.198,
,ZINC92124356,,-3.046,-49.721,-4.414,
,ZINC92125966,,-3.044,-34.683,-3.187,
,ZINC92125966,,-3.044,-34.683,-3.187,
,ZINC92122611,,-3.043,-34.717,-3.171,
,ZINC92107857,,-3.043,-35.563,-3.972,
,ZINC92122441,,-3.042,-35.829,-3.937,
,ZINC72400629,,-3.039,-69.433,-5.506,
,ZINC72400629,,-3.039,-69.433,-5.506,
,ZINC72400629,,-3.039,-69.433,-5.506,
,ZINC72400629,,-3.039,-69.433,-5.506,
,ZINC72400629,,-3.039,-69.433,-5.506,
,ZINC92126106,,-3.039,-38.26,-3.965,
,ZINC92123803,,-3.039,-40.58,-3.955,
,ZINC92123803,,-3.039,-40.58,-3.955,
,ZINC92126540,,-3.038,-49.869,-3.96,
,ZINC92126130,,-3.037,-35.268,-3.917,
,ZINC92126317,,-3.036,-33.248,-3.977,
,ZINC92126317,,-3.036,-33.248,-3.977,
,ZINC92127021,,-3.034,-36.519,-3.967,
,ZINC92127021,,-3.034,-36.519,-3.967,
,ZINC92127021,,-3.034,-36.519,-3.967,
,ZINC59146664,,-3.032,-43.448,-3.812,
,ZINC92106412,,-3.031,-31.416,-3.176,
,ZINC92106412,,-3.031,-31.416,-3.176,
,ZINC92121182,,-3.031,-35.359,-3.191,
,ZINC92103450,,-3.031,-30.996,-3.649,
,ZINC92123233,,-3.026,-49.305,-4.521,
,ZINC92108068,,-3.026,-40.29,-3.92,
,ZINC92119582,,-3.017,-42.221,-3.912,
,ZINC92124805,,-3.016,-40.305,-3.153,
,ZINC92124805,,-3.016,-40.305,-3.153,
,ZINC92124805,,-3.016,-40.305,-3.153,
,ZINC92124805,,-3.016,-40.305,-3.153,
,ZINC14760999,,-3.015,-42.387,-4.588,
,ZINC92103523,,-3.015,-36.722,-3.151,
,ZINC92126106,,-3.013,-27.77,-3.158,
,ZINC92106415,,-3.008,-37.869,-3.934,
,ZINC92125245,,-3.007,-30.91,-3.66,
,ZINC92125245,,-3.007,-30.91,-3.66,
,ZINC92124363,,-2.995,-35.564,-3.928,
,ZINC92124363,,-2.995,-35.564,-3.928,
,ZINC92122122,,-2.994,-37.38,-3.897,
,ZINC92122122,,-2.994,-37.38,-3.897,
,ZINC92125522,,-2.994,-37.779,-3.142,
,ZINC92125522,,-2.994,-37.779,-3.142,
,ZINC92124245,,-2.993,-41.389,-3.848,
,ZINC92124245,,-2.993,-41.389,-3.848,
,ZINC95422932,,-2.992,-44.223,-3.936,
,ZINC95422932,,-2.992,-44.223,-3.936,
,ZINC92123939,,-2.981,-38.25,-3.228,
,ZINC38139392,,-2.979,-61.024,-4.873,
,ZINC92106415,,-2.978,-26.387,-3.123,
,ZINC67714724,,-2.977,-36.668,-3.767,
,ZINC95422932,,-2.974,-38.452,-3.131,
,ZINC95422932,,-2.974,-38.452,-3.131,
,ZINC92106352,,-2.972,-36.496,-3.867,
,ZINC92106352,,-2.972,-36.496,-3.867,
,ZINC92106352,,-2.972,-36.496,-3.867,
,ZINC92121659,,-2.971,-41.172,-4.03,
,ZINC92123587,,-2.969,-52.193,-5.399,
,ZINC92123587,,-2.969,-52.193,-5.399,
,ZINC92120951,,-2.968,-32.562,-3.924,
,ZINC92126954,,-2.964,-55.715,-5.414,
,ZINC92126954,,-2.964,-55.715,-5.414,
,ZINC92106247,,-2.963,-36.684,-3.102,
,ZINC92106247,,-2.963,-36.684,-3.102,
,ZINC92123239,,-2.963,-36.025,-3.88,
,ZINC92123239,,-2.963,-36.025,-3.88,
,ZINC92123239,,-2.963,-36.025,-3.88,
,ZINC92122098,,-2.96,-43.224,-3.832,
,ZINC92124580,,-2.955,-38.174,-3.872,
,ZINC92124580,,-2.955,-38.174,-3.872,
,ZINC92124580,,-2.955,-38.174,-3.872,
,ZINC92122303,,-2.953,-41.406,-3.804,
,ZINC92122303,,-2.953,-41.406,-3.804,
,ZINC67560929,,-2.945,-36.995,-3.754,
,ZINC92125659,,-2.942,-37.895,-3.064,
,ZINC72400631,,-2.937,-68.116,-5.589,
,ZINC72400631,,-2.937,-68.116,-5.589,
,ZINC72400631,,-2.937,-68.116,-5.589,
,ZINC72400631,,-2.937,-68.116,-5.589,
,ZINC72400628,,-2.931,-69.034,-5.397,
,ZINC92126890,,-2.926,-38.916,-3.074,
,ZINC92126890,,-2.926,-38.916,-3.074,
,ZINC92124617,,-2.922,-31.041,-3.052,
,ZINC92124600,,-2.921,-37.281,-3.06,
,ZINC92107945,,-2.92,-34.802,-3.978,
,ZINC92107945,,-2.92,-34.802,-3.978,
,ZINC92121994,,-2.918,-32.231,-3.104,
,ZINC93356298,,-2.917,-44.538,-4.079,
,ZINC92124358,,-2.913,-39.991,-4.24,
,ZINC67847552,,-2.912,-38.628,-4.222,
,ZINC92124565,,-2.91,-40.64,-3.811,
,ZINC92125245,,-2.91,-34.596,-3.149,
,ZINC92125245,,-2.91,-34.596,-3.149,
,ZINC92123245,,-2.905,-35.545,-3.822,
,ZINC92123245,,-2.905,-35.545,-3.822,
,ZINC92108152,,-2.901,-36.305,-3.773,
,ZINC92123233,,-2.9,-37.534,-3.079,
,ZINC92122870,,-2.9,-35.662,-3.799,
,ZINC92122870,,-2.9,-35.662,-3.799,
,ZINC92119829,,-2.897,-35.446,-3.829,
,ZINC92122303,,-2.894,-36.411,-4.339,
,ZINC92122303,,-2.894,-36.411,-4.339,
,ZINC92125280,,-2.887,-34.771,-3.007,
,ZINC92123599,,-2.881,-36.358,-3.818,
,ZINC92123599,,-2.881,-36.358,-3.818,
,ZINC77286909,,-2.879,-45.053,-4.247,
,ZINC77286909,,-2.879,-45.053,-4.247,
,ZINC92117408,,-2.874,-36.227,-3.768,
,ZINC92126253,,-2.873,-29.268,-3.84,
,ZINC92123239,,-2.867,-36.911,-3.009,
,ZINC92123239,,-2.867,-36.911,-3.009,
,ZINC92123239,,-2.867,-36.911,-3.009,
,ZINC92124288,,-2.865,-37.422,-3.742,
,ZINC92125766,,-2.862,-36.31,-3.808,
,ZINC93356321,,-2.859,-36.876,-2.977,
,ZINC92121005,,-2.851,-44.138,-5.477,
,ZINC63537904,,-2.851,-46.153,-4.107,
,ZINC63537904,,-2.851,-46.153,-4.107,
,ZINC63537904,,-2.851,-46.153,-4.107,
,ZINC77312540,,-2.848,-68.46,-5.301,
,ZINC92106490,,-2.844,-37.086,-3.77,
,ZINC92106490,,-2.844,-37.086,-3.77,
,ZINC92121694,,-2.835,-37.947,-3.721,
,ZINC92121694,,-2.835,-37.947,-3.721,
,ZINC92102571,,-2.835,-28.548,-3.758,
,ZINC72332893,,-2.831,-57.542,-5.143,
,ZINC72332893,,-2.831,-57.542,-5.143,
,ZINC72332893,,-2.831,-57.542,-5.143,
,ZINC92121138,,-2.827,-38.311,-3.617,
,ZINC92123454,,-2.827,-24.216,-3.607,
,ZINC92120077,,-2.826,-37.777,-3.763,
,ZINC92120077,,-2.826,-37.777,-3.763,
,ZINC92120077,,-2.826,-37.777,-3.763,
,ZINC00238478,,-2.825,-39.756,-4.037,
,ZINC00238478,,-2.825,-39.756,-4.037,
,ZINC92121535,,-2.823,-42.728,-3.632,
,ZINC92117575,,-2.822,-32.746,-3.677,
,ZINC92125809,,-2.822,-35.144,-3.716,
,ZINC92123055,,-2.815,-35.08,-3.776,
,ZINC92126200,,-2.815,-37.213,-3.709,
,ZINC92120246,,-2.814,-38.675,-3.709,
,ZINC92120246,,-2.814,-38.675,-3.709,
,ZINC92124202,,-2.813,-34.692,-3.057,
,ZINC92125480,,-2.81,-29.102,-3.722,
,ZINC92124483,,-2.81,-27.402,-3.747,
,ZINC92121350,,-2.809,-31.839,-3.747,
,ZINC92120270,,-2.809,-53.018,-4.805,
,ZINC92120270,,-2.809,-53.018,-4.805,
,ZINC77270903,,-2.808,-80.467,-5.534,
,ZINC77270903,,-2.808,-80.467,-5.534,
,ZINC92125811,,-2.806,-37.551,-3.577,
,ZINC67787859,,-2.804,-44.415,-4.644,
,ZINC92125137,,-2.803,-51.897,-4.701,
,ZINC92125137,,-2.803,-51.897,-4.701,
,ZINC72332894,,-2.8,-57.665,-5.112,
,ZINC72332894,,-2.8,-57.665,-5.112,
,ZINC92124202,,-2.798,-30.404,-3.44,
,ZINC92123803,,-2.795,-36.965,-3.876,
,ZINC92123803,,-2.795,-36.965,-3.876,
,ZINC92121990,,-2.794,-31.793,-2.98,
,ZINC92108135,,-2.793,-25.637,-3.513,
,ZINC92103245,,-2.787,-32.055,-3.715,
,ZINC92121848,,-2.785,-47.755,-5.114,
,ZINC92124428,,-2.777,-35.679,-3.672,
,ZINC92121585,,-2.773,-32.319,-3.698,
,ZINC92123579,,-2.772,-36.351,-2.897,
,ZINC92106247,,-2.77,-31.536,-3.698,
,ZINC92106247,,-2.77,-31.536,-3.698,
,ZINC92103246,,-2.769,-48.384,-5.114,
,ZINC92121956,,-2.768,-30.657,-3.691,
,ZINC92121956,,-2.768,-30.657,-3.691,
,ZINC84064702,,-2.767,-46.256,-4.212,
,ZINC92123276,,-2.762,-39.066,-3.679,
,ZINC92123276,,-2.762,-39.066,-3.679,
,ZINC92122824,,-2.757,-39.628,-3.654,
,ZINC92122824,,-2.757,-39.628,-3.654,
,ZINC92120428,,-2.748,-34.723,-3.626,
,ZINC92120428,,-2.748,-34.723,-3.626,
,ZINC92120270,,-2.745,-42.507,-4.106,
,ZINC92120270,,-2.745,-42.507,-4.106,
,ZINC92119906,,-2.733,-28.144,-3.325,
,ZINC92107584,,-2.732,-34.374,-3.66,
,ZINC92107584,,-2.732,-34.374,-3.66,
,ZINC92120951,,-2.729,-35.478,-3.714,
,ZINC67846777,,-2.727,-47.599,-4.514,
,ZINC92119978,,-2.726,-36.882,-3.707,
,ZINC67677119,,-2.726,-56.988,-4.693,
,ZINC67677119,,-2.726,-56.988,-4.693,
,ZINC92120764,,-2.723,-34.332,-2.861,
,ZINC92123233,,-2.717,-38.443,-3.817,
,ZINC92126991,,-2.717,-40.832,-4.42,
,ZINC92121664,,-2.715,-33.934,-2.839,
,ZINC93356322,,-2.712,-35.78,-2.831,
,ZINC92122758,,-2.709,-40.825,-3.603,
,ZINC92124434,,-2.698,-27.61,-3.722,
,ZINC92123499,,-2.688,-32.104,-3.62,
,ZINC92123499,,-2.688,-32.104,-3.62,
,ZINC92124437,,-2.687,-28.463,-3.711,
,ZINC92107552,,-2.681,-37.286,-3.65,
,ZINC92107552,,-2.681,-37.286,-3.65,
,ZINC92122404,,-2.68,-36.575,-3.459,
,ZINC92122404,,-2.68,-36.575,-3.459,
,ZINC92123261,,-2.679,-40.583,-3.596,
,ZINC92123261,,-2.679,-40.583,-3.596,
,ZINC92123679,,-2.677,-28.145,-3.602,
,ZINC92120469,,-2.672,-25.978,-3.298,
,ZINC92126008,,-2.665,-38.648,-3.436,
,ZINC92126991,,-2.66,-33.426,-3.019,
,ZINC92126890,,-2.659,-36.357,-3.553,
,ZINC92126890,,-2.659,-36.357,-3.553,
,ZINC92124160,,-2.658,-39.868,-3.776,
,ZINC92124160,,-2.658,-39.868,-3.776,
,ZINC92122226,,-2.657,-36.161,-3.779,
,ZINC67847552,,-2.655,-28.391,-3.367,
,ZINC92123835,,-2.654,-31.399,-3.527,
,ZINC92124352,,-2.652,-35.032,-3.438,
,ZINC92124352,,-2.652,-35.032,-3.438,
,ZINC72400628,,-2.652,-63.514,-5.304,
,ZINC92122664,,-2.647,-33.512,-3.568,
,ZINC92122664,,-2.647,-33.512,-3.568,
,ZINC72332894,,-2.645,-53.363,-4.732,
,ZINC72332894,,-2.645,-53.363,-4.732,
,ZINC92126706,,-2.643,-32.606,-3.575,
,ZINC92126706,,-2.643,-32.606,-3.575,
,ZINC92126706,,-2.643,-32.606,-3.575,
,ZINC72400631,,-2.641,-67.364,-5.107,
,ZINC72400631,,-2.641,-67.364,-5.107,
,ZINC72400631,,-2.641,-67.364,-5.107,
,ZINC72400631,,-2.641,-67.364,-5.107,
,ZINC92117889,,-2.641,-34.562,-3.536,
,ZINC92117889,,-2.641,-34.562,-3.536,
,ZINC64219649,,-2.633,-48.161,-3.987,
,ZINC92122931,,-2.631,-38.684,-3.506,
,ZINC92117480,,-2.63,-45.944,-4.609,
,ZINC92125957,,-2.627,-32.808,-3.521,
,ZINC92125957,,-2.627,-32.808,-3.521,
,ZINC92125775,,-2.626,-39.624,-3.552,
,ZINC92125775,,-2.626,-39.624,-3.552,
,ZINC92124839,,-2.622,-34.611,-3.603,
,ZINC92119734,,-2.621,-31.191,-3.516,
,ZINC92119734,,-2.621,-31.191,-3.516,
,ZINC67654501,,-2.618,-41.814,-3.513,
,ZINC92124121,,-2.613,-29.13,-3.613,
,ZINC92124061,,-2.61,-37.747,-3.502,
,ZINC92124061,,-2.61,-37.747,-3.502,
,ZINC67847552,,-2.61,-42.345,-3.876,
,ZINC92123271,,-2.609,-33.953,-3.526,
,ZINC92123271,,-2.609,-33.953,-3.526,
,ZINC92123271,,-2.609,-33.953,-3.526,
,ZINC92123271,,-2.609,-33.953,-3.526,
,ZINC92123271,,-2.609,-33.953,-3.526,
,ZINC77319966,,-2.608,-62.4,-5.051,
,ZINC77319966,,-2.608,-62.4,-5.051,
,ZINC92121668,,-2.608,-31.645,-3.592,
,ZINC92124480,,-2.599,-35.108,-3.493,
,ZINC92123225,,-2.595,-37.568,-3.512,
,ZINC92122984,,-2.595,-32.21,-3.486,
,ZINC92122984,,-2.595,-32.21,-3.486,
,ZINC92126178,,-2.592,-35.846,-3.7,
,ZINC92124224,,-2.586,-29.543,-3.477,
,ZINC92967660,,-2.578,-38.05,-4.339,
,ZINC92123848,,-2.578,-29.671,-3.552,
,ZINC92123338,,-2.573,-31.006,-3.208,
,ZINC92121922,,-2.571,-31.888,-3.468,
,ZINC77312540,,-2.568,-76.096,-5.167,
,ZINC92124141,,-2.566,-27.096,-3.566,
,ZINC92125454,,-2.565,-35.907,-2.686,
,ZINC92107891,,-2.564,-34.741,-3.886,
,ZINC92121848,,-2.557,-29.943,-3.518,
,ZINC67589040,,-2.555,-33.019,-3.851,
,ZINC67589040,,-2.554,-37.951,-3.121,
,ZINC92122931,,-2.554,-39.216,-3.428,
,ZINC92122822,,-2.551,-33.394,-3.476,
,ZINC92103523,,-2.551,-31.054,-3.49,
,ZINC92125969,,-2.545,-28.51,-3.547,
,ZINC67605750,,-2.537,-49.443,-5.092,
,ZINC67605750,,-2.537,-49.443,-5.092,
,ZINC92123939,,-2.533,-30.848,-3.171,
,ZINC92122084,,-2.532,-33.604,-3.434,
,ZINC92125984,,-2.53,-32.814,-3.54,
,ZINC92126655,,-2.519,-31.338,-3.43,
,ZINC92121182,,-2.518,-48.311,-4.853,
,ZINC92125124,,-2.515,-27.731,-3.434,
,ZINC92103246,,-2.511,-34.493,-3.44,
,ZINC92126035,,-2.508,-31.753,-3.814,
,ZINC92122662,,-2.5,-29.388,-3.421,
,ZINC92121836,,-2.499,-29.512,-3.501,
,ZINC93356322,,-2.497,-42.596,-3.66,
,ZINC92103489,,-2.492,-35.454,-3.139,
,ZINC92103452,,-2.486,-28.168,-3.495,
,ZINC92119287,,-2.479,-32.528,-3.476,
,ZINC92126367,,-2.478,-31.763,-3.015,
,ZINC77286907,,-2.476,-51.921,-5.141,
,ZINC92103541,,-2.469,-30.085,-3.414,
,ZINC94798658,,-2.462,-34.136,-3.487,
,ZINC92124485,,-2.461,-28.355,-3.352,
,ZINC92106215,,-2.457,-25.327,-3.164,
,ZINC92124701,,-2.456,-31.62,-3.39,
,ZINC92119681,,-2.456,-37.141,-3.351,
,ZINC92124247,,-2.453,-36.321,-3.59,
,ZINC92126212,,-2.452,-36.56,-3.909,
,ZINC37108244,,-2.451,-39.468,-3.872,
,ZINC92102573,,-2.45,-30.865,-3.373,
,ZINC92122098,,-2.447,-40.826,-3.318,
,ZINC92124601,,-2.444,-34.382,-3.369,
,ZINC92126457,,-2.443,-35.95,-3.419,
,ZINC92126457,,-2.443,-35.95,-3.419,
,ZINC92123085,,-2.438,-28.628,-3.449,
,ZINC92119291,,-2.436,-31.636,-3.331,
,ZINC92121284,,-2.436,-35.063,-3.291,
,ZINC73856368,,-2.433,-39.699,-2.91,
,ZINC92124593,,-2.432,-25.318,-3.347,
,ZINC92124241,,-2.429,-39.917,-3.94,
,ZINC92125290,,-2.427,-31.64,-3.448,
,ZINC92125290,,-2.427,-31.64,-3.448,
,ZINC92123632,,-2.426,-41.785,-3.913,
,ZINC92121659,,-2.423,-38.292,-4.053,
,ZINC93356321,,-2.42,-44.306,-3.582,
,ZINC92122637,,-2.419,-31.191,-3.351,
,ZINC92122637,,-2.419,-31.191,-3.351,
,ZINC92124600,,-2.418,-35.526,-3.344,
,ZINC67560929,,-2.413,-33.446,-3.388,
,ZINC00238448,,-2.41,-22.416,-2.652,
,ZINC92125434,,-2.409,-31.993,-3.386,
,ZINC92125262,,-2.406,-32.862,-3.332,
,ZINC67589040,,-2.405,-33.42,-3.692,
,ZINC92126991,,-2.399,-37.636,-4.103,
,ZINC92123696,,-2.396,-29.694,-3.291,
,ZINC92123696,,-2.396,-29.694,-3.291,
,ZINC92123696,,-2.396,-29.694,-3.291,
,ZINC92125289,,-2.38,-30.624,-3.401,
,ZINC37108244,,-2.378,-42.457,-4.661,
,ZINC92124363,,-2.377,-47.456,-4.923,
,ZINC92124363,,-2.377,-47.456,-4.923,
,ZINC94798658,,-2.376,-36.847,-4.079,
,ZINC92124160,,-2.376,-37.46,-4.104,
,ZINC92124160,,-2.376,-37.46,-4.104,
,ZINC92108100,,-2.369,-33.97,-3.094,
,ZINC92108100,,-2.369,-33.97,-3.094,
,ZINC77270907,,-2.367,-71.57,-5.093,
,ZINC77270907,,-2.367,-71.57,-5.093,
,ZINC77270907,,-2.367,-71.57,-5.093,
,ZINC77270907,,-2.367,-71.57,-5.093,
,ZINC77270907,,-2.367,-71.57,-5.093,
,ZINC77270907,,-2.367,-71.57,-5.093,
,ZINC92108490,,-2.364,-32.964,-3.266,
,ZINC95422932,,-2.364,-51.12,-4.904,
,ZINC95422932,,-2.364,-51.12,-4.904,
,ZINC92126419,,-2.363,-32.416,-3.219,
,ZINC72332894,,-2.36,-52.4,-4.801,
,ZINC72332894,,-2.36,-52.4,-4.801,
,ZINC92120054,,-2.358,-33.778,-3.253,
,ZINC92122446,,-2.357,-25.825,-3.355,
,ZINC92126333,,-2.35,-33.122,-3.031,
,ZINC92126333,,-2.35,-33.122,-3.031,
,ZINC92121659,,-2.347,-41.833,-3.977,
,ZINC92126132,,-2.345,-33.343,-3.225,
,ZINC92126132,,-2.345,-33.343,-3.225,
,ZINC94941571,,-2.343,-32.593,-4.149,
,ZINC92125416,,-2.342,-31.123,-3.328,
,ZINC92124884,,-2.34,-30.947,-3.271,
,ZINC92117482,,-2.339,-33.91,-3.299,
,ZINC92123251,,-2.329,-28.82,-3.335,
,ZINC92123251,,-2.329,-28.82,-3.335,
,ZINC49601554,,-2.329,-40.993,-3.047,
,ZINC49601554,,-2.329,-40.993,-3.047,
,ZINC49601554,,-2.329,-40.993,-3.047,
,ZINC49601554,,-2.329,-40.993,-3.047,
,ZINC92121352,,-2.325,-31.564,-3.262,
,ZINC92120764,,-2.323,-29.533,-3.255,
,ZINC89675936,,-2.32,-39.36,-4.063,
,ZINC00402630,,-2.31,-35.455,-4.651,
,ZINC92120450,,-2.283,-32.157,-3.138,
,ZINC14944181,,-2.281,-34.886,-2.281,
,ZINC92121605,,-2.277,-25.738,-2.968,
,ZINC92124617,,-2.274,-28.968,-3.238,
,ZINC89460886,,-2.27,-31.432,-3.203,
,ZINC92103245,,-2.27,-42.285,-4.614,
,ZINC69626956,,-2.268,-49.279,-4.226,
,ZINC92125153,,-2.267,-42.267,-4.156,
,ZINC92125153,,-2.267,-42.267,-4.156,
,ZINC92120913,,-2.267,-43.693,-4.113,
,ZINC92120913,,-2.267,-43.693,-4.113,
,ZINC81944384,,-2.263,-45.784,-3.929,
,ZINC92123663,,-2.263,-33.069,-3.19,
,ZINC92106477,,-2.262,-33.83,-3.188,
,ZINC92107553,,-2.261,-32.045,-3.23,
,ZINC89460689,,-2.256,-34.424,-3.15,
,ZINC92120645,,-2.245,-32.154,-3.1,
,ZINC92120645,,-2.245,-32.154,-3.1,
,ZINC92120645,,-2.245,-32.154,-3.1,
,ZINC92126121,,-2.24,-32.014,-3.346,
,ZINC92126181,,-2.236,-35.394,-3.344,
,ZINC92120459,,-2.234,-35.196,-3.78,
,ZINC92120459,,-2.234,-35.196,-3.78,
,ZINC92121940,,-2.228,-31.298,-3.145,
,ZINC92121940,,-2.228,-31.298,-3.145,
,ZINC92120916,,-2.226,-46.473,-4.072,
,ZINC92120916,,-2.226,-46.473,-4.072,
,ZINC92121613,,-2.224,-37.49,-3.762,
,ZINC92123780,,-2.224,-43.515,-4.113,
,ZINC92122468,,-2.224,-29.686,-3.155,
,ZINC92122468,,-2.224,-29.686,-3.155,
,ZINC92122468,,-2.224,-29.686,-3.155,
,ZINC92107862,,-2.223,-31.711,-3.183,
,ZINC94798658,,-2.214,-36.411,-3.917,
,ZINC06360557,,-2.208,-25.96,-2.238,
,ZINC92120863,,-2.2,-31.753,-2.99,
,ZINC92123746,,-2.196,-25.832,-2.937,
,ZINC92122013,,-2.194,-40.41,-4.252,
,ZINC92123725,,-2.192,-33.13,-3.209,
,ZINC92122905,,-2.189,-29.278,-3.228,
,ZINC92122924,,-2.189,-37.115,-3.019,
,ZINC92122924,,-2.189,-37.115,-3.019,
,ZINC92122734,,-2.187,-29.592,-3.118,
,ZINC92122734,,-2.187,-29.592,-3.118,
,ZINC92123151,,-2.18,-33.805,-3.097,
,ZINC92123151,,-2.18,-33.805,-3.097,
,ZINC92123151,,-2.18,-33.805,-3.097,
,ZINC92123151,,-2.18,-33.805,-3.097,
,ZINC92123151,,-2.18,-33.805,-3.097,
,ZINC95422932,,-2.177,-36.634,-3.121,
,ZINC95422932,,-2.177,-36.634,-3.121,
,ZINC92124918,,-2.174,-34.829,-3.102,
,ZINC67868292,,-2.17,-33.187,-2.305,
,ZINC67868292,,-2.17,-33.187,-2.305,
,ZINC67727362,,-2.164,-32.042,-3.015,
,ZINC92119847,,-2.159,-36.001,-3.129,
,ZINC92119847,,-2.159,-36.001,-3.129,
,ZINC92124356,,-2.158,-41.227,-3.485,
,ZINC92126991,,-2.158,-40.325,-3.796,
,ZINC92126333,,-2.157,-34.707,-2.382,
,ZINC92126333,,-2.157,-34.707,-2.382,
,ZINC92121708,,-2.156,-33.118,-3.053,
,ZINC67846777,,-2.154,-43.726,-4.783,
,ZINC67641945,,-2.145,-35.627,-3.087,
,ZINC67641945,,-2.145,-35.627,-3.087,
,ZINC92123573,,-2.143,-36.63,-2.264,
,ZINC92123573,,-2.143,-36.63,-2.264,
,ZINC67677119,,-2.141,-45.484,-3.297,
,ZINC67677119,,-2.141,-45.484,-3.297,
,ZINC89461260,,-2.14,-34.408,-3.073,
,ZINC92120573,,-2.136,-28.572,-3.075,
,ZINC92120573,,-2.136,-28.572,-3.075,
,ZINC92120573,,-2.136,-28.572,-3.075,
,ZINC92123749,,-2.136,-30.314,-2.878,
,ZINC92123201,,-2.136,-31.49,-3.053,
,ZINC92123201,,-2.136,-31.49,-3.053,
,ZINC92123201,,-2.136,-31.49,-3.053,
,ZINC92123201,,-2.136,-31.49,-3.053,
,ZINC92123201,,-2.136,-31.49,-3.053,
,ZINC00238478,,-2.134,-34.608,-3.737,
,ZINC00238478,,-2.134,-34.608,-3.737,
,ZINC92122853,,-2.133,-30.318,-3.065,
,ZINC92122853,,-2.133,-30.318,-3.065,
,ZINC92107594,,-2.123,-26.697,-3.091,
,ZINC92123579,,-2.123,-32.498,-3.104,
,ZINC39336693,,-2.121,-58.979,-4.189,
,ZINC92124358,,-2.12,-44.745,-3.488,
,ZINC92123992,,-2.109,-31.173,-3.028,
,ZINC92124223,,-2.108,-33.969,-3.067,
,ZINC92124223,,-2.108,-33.969,-3.067,
,ZINC92124223,,-2.099,-49.756,-4.508,
,ZINC92124223,,-2.099,-49.756,-4.508,
,ZINC92124482,,-2.099,-26.501,-3.036,
,ZINC92106265,,-2.098,-41.873,-4.525,
,ZINC92124247,,-2.093,-36.527,-2.905,
,ZINC92123233,,-2.089,-46.603,-4.287,
,ZINC92122801,,-2.086,-30.922,-2.98,
,ZINC92124074,,-2.084,-30.895,-2.893,
,ZINC59156828,,-2.073,-42.54,-4.195,
,ZINC59156828,,-2.073,-42.54,-4.195,
,ZINC92124920,,-2.073,-30.14,-3,
,ZINC92124920,,-2.073,-30.14,-3,
,ZINC92123608,,-2.072,-31.136,-2.841,
,ZINC72400629,,-2.071,-59.413,-4.724,
,ZINC72400629,,-2.071,-59.413,-4.724,
,ZINC72400629,,-2.071,-59.413,-4.724,
,ZINC72400629,,-2.071,-59.413,-4.724,
,ZINC72400629,,-2.071,-59.413,-4.724,
,ZINC92121176,,-2.069,-29.49,-3.053,
,ZINC92121176,,-2.069,-29.49,-3.053,
,ZINC92107604,,-2.057,-32.93,-2.945,
,ZINC92123255,,-2.054,-30.199,-3.06,
,ZINC92123255,,-2.054,-30.199,-3.06,
,ZINC92123233,,-2.051,-45.472,-4.25,
,ZINC92121994,,-2.049,-27.549,-2.826,
,ZINC92124788,,-2.042,-28.467,-2.672,
,ZINC92124788,,-2.042,-28.467,-2.672,
,ZINC89675084,,-2.04,-36.403,-2.506,
,ZINC92120466,,-2.037,-31.52,-2.932,
,ZINC92120466,,-2.037,-31.52,-2.932,
,ZINC72332894,,-2.036,-46.11,-3.779,
,ZINC72332894,,-2.036,-46.11,-3.779,
,ZINC67878314,,-2.033,-42.741,-4.33,
,ZINC92124803,,-2.028,-27.891,-3.032,
,ZINC92123450,,-2.027,-23.133,-2.808,
,ZINC92126126,,-2.009,-30.317,-2.889,
,ZINC92126126,,-2.009,-30.317,-2.889,
,ZINC92124599,,-2.003,-28.762,-3.009,
,ZINC92124599,,-2.003,-28.762,-3.009,
,ZINC92107863,,-1.992,-31.902,-2.951,
,ZINC92122646,,-1.99,-30.572,-2.984,
,ZINC92123706,,-1.987,-26.106,-2.952,
,ZINC92123706,,-1.987,-26.106,-2.952,
,ZINC67847552,,-1.981,-31.553,-3.291,
,ZINC92125332,,-1.98,-27.761,-2.934,
,ZINC92124358,,-1.978,-41.265,-4.067,
,ZINC92124665,,-1.976,-31.012,-2.901,
,ZINC92124665,,-1.976,-31.012,-2.901,
,ZINC92121887,,-1.97,-28.933,-2.671,
,ZINC92124484,,-1.966,-33.447,-2.856,
,ZINC92124484,,-1.966,-33.447,-2.856,
,ZINC49601554,,-1.962,-37.128,-3.54,
,ZINC49601554,,-1.962,-37.128,-3.54,
,ZINC49601554,,-1.962,-37.128,-3.54,
,ZINC49601554,,-1.962,-37.128,-3.54,
,ZINC14760999,,-1.951,-29.578,-3.535,
,ZINC92125978,,-1.95,-27.473,-2.905,
,ZINC92125978,,-1.95,-27.473,-2.905,
,ZINC92125978,,-1.95,-27.473,-2.905,
,ZINC00189368,,-1.944,-30.296,-3.416,
,ZINC00189368,,-1.944,-30.296,-3.416,
,ZINC92120942,,-1.937,-32.895,-2.873,
,ZINC67677119,,-1.935,-52.042,-4.519,
,ZINC67677119,,-1.935,-52.042,-4.519,
,ZINC92121659,,-1.933,-35.807,-3.731,
,ZINC92119831,,-1.93,-31.275,-2.863,
,ZINC92107889,,-1.926,-36.061,-3.248,
,ZINC92125655,,-1.925,-27.541,-2.602,
,ZINC37108244,,-1.918,-46.689,-4.565,
,ZINC92120021,,-1.913,-26.106,-2.835,
,ZINC92107568,,-1.897,-30.427,-2.791,
,ZINC92107568,,-1.897,-30.427,-2.791,
,ZINC92122903,,-1.888,-28.665,-2.927,
,ZINC13660257,,-1.886,-30.041,-2.837,
,ZINC92123142,,-1.879,-30.731,-2.817,
,ZINC92123142,,-1.879,-30.731,-2.817,
,ZINC92123142,,-1.879,-30.731,-2.817,
,ZINC92123142,,-1.879,-30.731,-2.817,
,ZINC92122924,,-1.872,-33.718,-3.384,
,ZINC92122924,,-1.872,-33.718,-3.384,
,ZINC37108244,,-1.869,-32.389,-3.289,
,ZINC92124515,,-1.851,-39.755,-2.788,
,ZINC92121213,,-1.845,-28.259,-2.973,
,ZINC67727365,,-1.842,-30.883,-2.693,
,ZINC92124247,,-1.836,-33.242,-3.499,
,ZINC92125280,,-1.833,-29.512,-2.84,
,ZINC92121098,,-1.825,-23.806,-2.357,
,ZINC92123510,,-1.822,-28.481,-2.754,
,ZINC92123510,,-1.822,-28.481,-2.754,
,ZINC92124068,,-1.813,-28.021,-2.808,
,ZINC92107891,,-1.811,-36.66,-3.876,
,ZINC37108244,,-1.795,-26.932,-2.864,
,ZINC92123681,,-1.789,-31.457,-2.727,
,ZINC67727365,,-1.786,-49.055,-4.281,
,ZINC92123841,,-1.78,-31.408,-2.755,
,ZINC92124439,,-1.78,-29.923,-2.803,
,ZINC92121990,,-1.767,-25.107,-2.543,
,ZINC92125137,,-1.764,-43.574,-4.4,
,ZINC92125137,,-1.764,-43.574,-4.4,
,ZINC13660257,,-1.756,-30.156,-2.916,
,ZINC92122611,,-1.756,-31.004,-2.728,
,ZINC92123029,,-1.745,-29.321,-2.397,
,ZINC92120584,,-1.744,-39.81,-3.185,
,ZINC92126991,,-1.73,-23.816,-2.377,
,ZINC92124805,,-1.729,-32.539,-2.666,
,ZINC92124805,,-1.729,-32.539,-2.666,
,ZINC92124805,,-1.729,-32.539,-2.666,
,ZINC92124805,,-1.729,-32.539,-2.666,
,ZINC67878314,,-1.726,-40.142,-3.207,
,ZINC71751238,,-1.726,-32.826,-2.429,
,ZINC71751238,,-1.726,-32.826,-2.429,
,ZINC73339551,,-1.726,-43.855,-3.645,
,ZINC92122303,,-1.725,-35.974,-3.876,
,ZINC92122303,,-1.725,-35.974,-3.876,
,ZINC92124243,,-1.721,-37.53,-3.467,
,ZINC67677119,,-1.721,-44.785,-3.599,
,ZINC67677119,,-1.721,-44.785,-3.599,
,ZINC92125433,,-1.716,-29.629,-2.694,
,ZINC92120852,,-1.705,-26.281,-2.602,
,ZINC13660257,,-1.704,-34.125,-3.524,
,ZINC73732993,,-1.696,-46.322,-3.615,
,ZINC59146664,,-1.687,-44.066,-3.736,
,ZINC92122448,,-1.687,-28.926,-2.685,
,ZINC73856368,,-1.655,-36.938,-3.574,
,ZINC00407264,,-1.642,-34.76,-3.114,
,ZINC00407264,,-1.642,-34.76,-3.114,
,ZINC67677119,,-1.635,-38.514,-2.765,
,ZINC67677119,,-1.635,-38.514,-2.765,
,ZINC86133068,,-1.621,-27.142,-1.621,
,ZINC92125966,,-1.615,-26.681,-2.529,
,ZINC92125966,,-1.615,-26.681,-2.529,
,ZINC92120024,,-1.613,-26.934,-2.534,
,ZINC92117480,,-1.584,-38.044,-4.237,
,ZINC92121664,,-1.541,-27.729,-2.525,
,ZINC92120758,,-1.537,-28.114,-2.468,
,ZINC92123949,,-1.532,-19.343,-2.26,
,ZINC95422932,,-1.53,-44.765,-4.071,
,ZINC95422932,,-1.53,-44.765,-4.071,
,ZINC67560929,,-1.525,-27.112,-2.92,
,ZINC92123393,,-1.518,-28.813,-1.638,
,ZINC67846777,,-1.515,-31.043,-2.539,
,ZINC92122931,,-1.499,-36.402,-3.629,
,ZINC92121611,,-1.49,-35.642,-3.767,
,ZINC92121611,,-1.49,-35.642,-3.767,
,ZINC37108244,,-1.489,-34.114,-3.771,
,ZINC92123586,,-1.483,-23.116,-2.266,
,ZINC67727362,,-1.474,-43.508,-3.969,
,ZINC92127129,,-1.468,-25.595,-2.399,
,ZINC92127129,,-1.468,-25.595,-2.399,
,ZINC92120951,,-1.436,-26.376,-3.14,
,ZINC93356322,,-1.435,-34.529,-3.322,
,ZINC92125961,,-1.427,-29.838,-1.548,
,ZINC92125961,,-1.427,-29.838,-1.548,
,ZINC92125967,,-1.413,-26.942,-2.326,
,ZINC92125967,,-1.413,-26.942,-2.326,
,ZINC92107889,,-1.398,-33.091,-3.464,
,ZINC04623367,,-1.397,-31.742,-1.397,
,ZINC04623367,,-1.397,-31.742,-1.397,
,ZINC67787859,,-1.39,-38.851,-4.084,
,ZINC92123588,,-1.358,-32.151,-1.483,
,ZINC89675084,,-1.358,-40.283,-3.096,
,ZINC64219649,,-1.34,-35.503,-2.107,
,ZINC92122445,,-1.306,-26.236,-2.304,
,ZINC92121283,,-1.275,-34.277,-3.36,
,ZINC92121283,,-1.275,-34.277,-3.36,
,ZINC92120584,,-1.256,-33.966,-3.492,
,ZINC92124356,,-1.249,-36.471,-3.337,
,ZINC39963244,,-1.233,-37.682,-3.536,
,ZINC72996934,,-1.218,-36.574,-3.137,
,ZINC81453724,,-1.215,-36.984,-3.137,
,ZINC39963244,,-1.208,-36.63,-3.487,
,ZINC92126035,,-1.19,-30.232,-3.231,
,ZINC67878314,,-1.077,-32.414,-3.285,
,ZINC81349600,,-1.035,-38.978,-2.954,
,ZINC84064702,,-1.005,-35.366,-3.231,
,ZINC37108244,,-1.002,-38.702,-3.649,
,ZINC92120092,,-0.995,-38.173,-3.665,
,ZINC92121611,,-0.944,-33.237,-2.483,
,ZINC92121611,,-0.944,-33.237,-2.483,
,ZINC92122098,,-0.944,-40.066,-3.147,
,ZINC92120587,,-0.881,-37.53,-3.117,
,ZINC92123590,,-0.829,-29.309,-1.814,
,ZINC31168788,,-0.753,-35.938,-2.781,
,ZINC92123588,,-0.69,-23.748,-1.675,
,ZINC92125659,,-0.663,-25.29,-1.661,
,ZINC92125961,,-0.65,-30.938,-1.652,
,ZINC92125961,,-0.65,-30.938,-1.652,
,ZINC92123803,,-0.643,-30.599,-2.425,
,ZINC92123803,,-0.643,-30.599,-2.425,
,ZINC14760999,,-0.599,-27.363,-3.042,
,ZINC92121659,,-0.59,-32.053,-3.096,
,ZINC95422932,,-0.583,-31.339,-3.038,
,ZINC95422932,,-0.583,-31.339,-3.038,
,ZINC67868292,,-0.51,-27.445,-1.453,
,ZINC67868292,,-0.51,-27.445,-1.453,
,ZINC92123573,,-0.467,-29.199,-1.468,
,ZINC92123573,,-0.467,-29.199,-1.468,
,ZINC00407264,,-0.466,-35.259,-3.162,
,ZINC00407264,,-0.466,-35.259,-3.162,
,ZINC00238478,,-0.437,-26.972,-3.052,
,ZINC00238478,,-0.437,-26.972,-3.052,
,ZINC92122539,,-0.434,-28.068,-0.659,
,ZINC00827409,,-0.426,-33.265,-3.109,
,ZINC93356321,,-0.414,-29.001,-2.323,
,ZINC00189368,,-0.411,-30.889,-3.107,
,ZINC00189368,,-0.411,-30.889,-3.107,
,ZINC92121613,,-0.321,-28.005,-2.598,
,ZINC92125454,,-0.296,-23.061,-1.3,
,ZINC01582596,,-0.193,-29.696,-2.819,
,ZINC06360557,,0.069,-17.585,-1.702,
,ZINC92122539,,0.349,-21.249,-0.333,
,ZINC93356298,,0.585,-24.89,-1.302,
,ZINC94941571,,0.613,-30.08,-2.056,
,ZINC92123393,,0.653,-22.663,-0.35,